#{"t_start": 1648970096.6237607, "env_id": "NavOmnibase-v1"}
r,l,t
-177.312463,1000,23.180552
-317.429477,1000,43.826932
-303.344546,514,56.19386
-249.767274,1000,77.995612
-333.067745,877,108.579747
-346.096844,930,129.194139
-306.011319,540,141.721581
-302.559434,504,152.40259
-227.171347,1000,174.782232
-318.242228,859,205.54118
-340.835005,888,224.561259
-321.355221,688,240.62912
-302.171357,510,252.566682
-168.817611,1000,274.049183
-346.929153,1000,307.079924
-306.289077,536,320.151903
-303.476273,506,331.878051
-213.628824,1000,354.290676
-336.059706,884,373.745269
-337.2842,847,392.024246
-317.05931,642,417.070831
-302.058686,500,429.307069
-162.08617,1000,451.593157
-351.875778,996,473.656231
-302.038006,504,485.301025
-255.533763,765,514.270767
-253.976079,504,526.040438
-131.477594,1000,547.782923
-313.769504,1000,570.614708
-305.573999,529,583.272919
-304.988061,510,595.639009
-255.617887,784,623.857348
-253.944647,500,636.808147
-156.210768,1000,658.823527
-342.590157,949,679.598159
-341.673741,884,699.08511
-302.3845,500,711.550178
-201.801302,1000,745.232408
-341.267566,980,766.471987
-341.491203,886,786.888415
-303.577953,504,799.6005
-205.642232,1000,832.70514
-327.009054,912,853.813128
-348.856158,958,875.859826
-303.978082,509,888.645626
-89.791514,1000,911.321376
-351.369585,982,942.962134
-301.562339,503,955.537832
-256.650091,992,976.85483
-254.416478,559,990.56111
-254.060359,517,1002.796968
-253.529178,527,1014.87029
-255.045281,510,1037.728375
-254.701439,508,1049.665014
-142.008132,1000,1071.575269
-326.75179,598,1085.347275
-327.836521,609,1100.212731
-255.579258,760,1116.708435
-246.192683,1000,1150.733819
-330.568447,880,1171.012772
-336.590984,843,1190.3396
-311.980218,599,1204.939775
-303.880935,520,1216.988701
-236.189798,1000,1251.572621
-331.520794,1000,1275.107228
-344.220169,917,1295.786746
-302.846776,507,1308.788264
-241.5201,1000,1332.77222
-314.654022,928,1364.842884
-321.142842,696,1380.852156
-329.196844,764,1398.568093
-305.120147,522,1412.098533
-186.70904,1000,1434.590827
-307.033483,826,1465.448631
-328.981552,779,1484.195397
-328.353268,755,1500.686733
-303.390742,516,1514.056267
-203.752563,1000,1536.492646
-324.321553,914,1557.482051
-331.429273,799,1586.712248
-327.564195,745,1603.660309
-304.353472,505,1616.708059
-90.772797,1000,1639.204049
-291.09772,1000,1661.820961
-315.107365,621,1688.988104
-301.912368,503,1700.662197
-150.856984,1000,1723.960703
-305.415782,1000,1746.538579
-327.236783,749,1764.364339
-303.952816,501,1787.543937
-99.24032,1000,1810.049748
-291.282172,1000,1833.248063
-328.756,781,1852.177591
-313.095843,613,1866.784695
-321.879643,697,1895.007405
-304.233024,500,1908.079715
-25.684937,1000,1932.13582
-40.107583,524,1945.474516
7.443588,729,1963.586003
-2.727967,1000,1986.645361
-96.907499,1000,2023.304533
-256.025263,944,2047.384958
-328.312817,1000,2074.239872
-315.682627,577,2090.769543
-315.611884,552,2104.980064
-301.410239,513,2129.981495
-281.102162,631,2144.356687
-73.403487,784,2165.453579
-310.057917,640,2182.314602
-178.031159,1000,2205.277879
-324.062755,637,2219.551745
-320.865963,728,2248.844266
-340.394633,767,2270.405238
-314.60739,533,2285.140874
-332.587553,741,2302.432788
-326.399312,694,2319.805444
-289.004819,526,2331.963403
-296.859203,544,2356.207304
-47.777581,1000,2381.195349
-255.57705,813,2403.885148
-256.221714,762,2422.536809
-254.513475,529,2435.729607
-305.234379,512,2449.456475
-342.608811,765,2478.236265
-320.625696,585,2491.144822
-214.981053,1000,2517.959491
-252.579541,1000,2542.684719
-254.301263,500,2556.677516
-204.272404,1000,2592.124877
-302.591397,571,2605.563042
-262.429244,542,2619.628132
-261.750252,951,2644.168128
-254.243568,500,2659.029799
-256.868595,879,2693.197338
-322.03174,762,2710.742574
-275.114572,688,2727.515329
-329.213222,696,2747.504426
-330.850786,725,2764.738706
-253.955292,503,2777.788227
-253.957754,503,2790.658012
-256.286719,766,2820.380122
-254.674429,607,2834.693769
-255.355469,626,2851.693397
-255.811094,681,2870.27562
-256.880058,904,2893.387365
-264.352431,765,2922.994635
-254.779752,644,2939.419973
-296.37713,586,2954.110125
-317.507199,579,2970.711715
-313.799856,518,2986.302132
-310.934101,505,3001.625509
-326.046493,673,3018.504364
-319.308768,668,3046.609139
-312.475478,1000,3069.092952
-302.23337,871,3092.910115
-255.009453,615,3109.713993
-254.174762,512,3125.36662
-199.830992,1000,3162.746331
-254.239858,500,3177.04711
-255.271686,661,3195.460048
-254.156259,510,3211.555022
-255.010557,586,3228.246087
-255.734061,675,3246.179427
-231.860423,1000,3273.546176
-254.012105,514,3301.182941
-319.489768,683,3320.833394
-304.625553,500,3336.196651
-307.227697,700,3356.835586
-268.499577,879,3380.476533
-253.966714,506,3396.144142
-168.646081,1000,3433.428524
-257.131983,836,3453.145061
-255.537257,672,3472.741189
-254.277139,500,3487.488816
-255.308676,667,3506.947431
-254.335255,515,3523.421486
-191.855115,1000,3558.029997
-255.659007,665,3574.857597
-325.829761,727,3593.027445
-266.081588,553,3605.470987
-276.005082,899,3631.10948
-289.468447,512,3648.033456
-318.875673,687,3680.631522
-305.439446,503,3695.189615
-320.467849,693,3716.106432
-319.823598,686,3736.638771
-318.764793,686,3756.829762
-317.771913,673,3776.574673
-316.075167,656,3809.32164
-320.67381,694,3830.509449
-320.376378,692,3851.298906
-317.902832,672,3871.38437
-319.836071,682,3892.488784
-317.419523,656,3913.117578
-319.066662,684,3945.432232
-316.258186,650,3965.265965
-318.313143,672,3984.342521
-318.077397,668,4005.679973
-319.18062,682,4025.804835
-318.341491,668,4046.113976
-317.284605,666,4077.495209
-316.936641,646,4096.767028
-316.543593,653,4116.800979
-314.565449,638,4136.228219
-316.420899,655,4156.079475
-317.153245,647,4174.773875
-315.260733,642,4206.351688
-318.127434,668,4225.892012
-318.573808,667,4245.508035
-316.570925,655,4266.021952
-316.833832,651,4285.992726
-315.012669,649,4305.447247
-317.320485,663,4325.376561
-318.481945,668,4356.291804
-317.060332,661,4375.845312
-317.546824,673,4397.110101
-315.293535,647,4417.794789
-316.178882,658,4437.779871
-316.545844,660,4457.762257
-315.502119,638,4488.264539
-317.084869,656,4507.733647
-317.341341,668,4529.336122
-316.918916,663,4549.085577
-316.631826,661,4569.047563
-317.062288,657,4589.225513
-316.655243,656,4620.71924
-315.889584,653,4641.095136
-315.188084,644,4661.275217
-316.310175,655,4681.00514
-317.803193,671,4701.461305
-314.959581,641,4721.844043
-313.563683,633,4751.294347
-317.904739,660,4771.525859
-315.771389,648,4792.49825
-316.815628,662,4812.440928
-315.493734,653,4833.191609
-315.929837,656,4853.958857
-315.824692,652,4873.915155
-314.468436,628,4904.407413
-315.496222,645,4923.978107
-316.468884,655,4944.27437
-315.476004,644,4964.248832
-317.538169,654,4985.384707
-316.60451,657,5005.877227
-315.872998,642,5036.996454
-315.815092,645,5058.429656
-317.761951,666,5079.817701
-314.785883,638,5098.831003
-316.760674,662,5119.567557
-316.105401,659,5140.618538
-314.511063,641,5172.265978
-315.03998,643,5193.71254
-316.689526,653,5213.517318
-316.020179,652,5232.997597
-315.812133,655,5253.264775
-313.501158,630,5273.444666
-314.193368,638,5293.225446
-275.490264,1000,5334.905592
-177.436029,1000,5364.652968
-45.678997,1000,5394.450519
-74.666231,1000,5424.142711
-351.878166,910,5459.732678
-269.410499,580,5475.49056
-290.95877,727,5494.727237
-256.455487,524,5509.411881
-299.380005,628,5526.643442
-311.349372,513,5543.485449
-328.833653,812,5576.382768
-257.428072,780,5600.483778
-241.758828,1000,5630.648768
-254.363948,1000,5661.001264
-240.731624,1000,5702.196145
-256.663431,763,5725.649184
-254.817011,567,5741.611108
-292.563757,602,5759.474279
-300.366104,579,5776.497649
-304.516802,526,5795.242152
-307.319659,1000,5832.310966
-263.127388,687,5850.267703
-287.770194,560,5867.384868
-294.324149,504,5882.796919
-256.706621,682,5901.772476
-98.816316,1000,5931.270066
-255.783524,673,5962.573824
-256.207538,738,5983.188261
-303.044982,628,6000.693814
-255.12399,635,6019.170746
-254.557339,535,6034.897139
-255.829545,549,6050.894457
-255.290546,636,6067.966882
-290.778022,930,6107.396115
-295.764619,561,6124.784035
-314.313436,687,6144.591178
-263.133929,586,6161.248033
-255.536474,678,6179.590253
-254.986576,614,6197.257914
-329.448375,793,6229.306952
-20.451715,1000,6258.308062
-296.348742,711,6280.112297
-292.817974,500,6296.71269
-256.801449,917,6322.362565
-177.618663,1000,6360.206051
-150.684481,1000,6389.420881
-256.289971,756,6411.902931
-308.789697,578,6429.26722
-261.385126,510,6444.582085
-188.967246,1000,6484.165815
-255.416216,703,6506.725211
-254.155684,535,6524.499374
-281.375597,1000,6552.58924
-306.004324,610,6570.036078
-314.021529,626,6590.368387
-304.35193,500,6618.06594
-316.378938,657,6639.393939
-315.332709,649,6661.704109
-314.512839,639,6683.132569
-315.802446,655,6704.275734
-315.549035,644,6725.775683
-316.471106,656,6746.289902
-315.128618,643,6778.339275
-315.263936,647,6799.807645
-314.487435,643,6820.282965
-314.387369,641,6841.179536
-314.804757,643,6862.552686
-317.101916,665,6884.712434
-317.1085,661,6918.945469
-314.975245,638,6940.499125
-315.344627,640,6961.457085
-358.595829,946,6988.689161
-230.737447,1000,7018.912045
-256.350614,763,7051.126817
-255.180569,592,7069.409072
-255.169753,654,7089.488154
-296.800403,783,7109.914671
-320.493844,664,7130.514056
-326.750561,684,7151.376971
-316.908707,760,7184.755238
-312.81278,627,7202.869689
-80.255617,1000,7231.970246
-254.340855,502,7248.36695
-254.255024,570,7267.075294
-303.040882,593,7284.082287
-231.734145,1000,7325.441103
-296.429984,505,7343.731823
-360.296838,987,7371.858376
-309.264551,708,7393.104472
-164.512159,1000,7422.42053
-254.242476,500,7451.006803
-256.685329,815,7476.175927
-256.418647,756,7499.163803
-255.79772,713,7519.943402
-265.33008,564,7537.60486
-227.80475,1000,7566.988017
-290.488688,515,7596.680403
-315.750691,685,7617.748427
-332.465064,810,7639.915174
-254.024213,515,7654.820413
-255.721529,951,7683.623636
-253.983505,503,7701.804686
-257.242942,873,7738.756982
-255.132858,605,7756.390596
-254.232284,505,7772.279109
-256.683219,818,7798.471531
-255.923232,721,7819.412105
-256.836795,871,7856.038762
-254.165127,538,7875.244696
-254.141468,525,7892.853456
-250.201368,1000,7923.574326
-256.95422,983,7950.352942
-326.648959,741,7971.027694
-335.2187,797,8004.728777
-263.466903,630,8023.021085
-203.81951,1000,8052.076358
-256.089954,711,8073.162513
-254.844353,566,8090.916285
-254.587248,543,8107.228626
-296.658335,551,8134.668435
-125.794665,1000,8162.387074
-254.620722,593,8181.436534
-254.098998,540,8200.992985
-317.735002,665,8222.62172
-350.30682,828,8245.558269
-9.041148,1000,8282.876865
-326.866566,689,8303.386875
-300.491669,558,8320.604694
-269.012454,911,8349.021935
-293.822332,609,8365.556221
-303.702193,541,8392.388161
-276.082229,542,8409.63674
-295.627546,651,8428.08405
-269.694814,669,8447.475456
-296.433619,581,8463.449808
-323.611196,847,8487.861082
-256.129373,741,8521.939456
-257.369104,899,8549.2868
-292.295174,819,8575.449617
-310.609675,647,8596.28783
-257.331365,891,8623.990128
-254.321308,506,8639.917394
-254.287406,502,8666.902958
-254.410454,516,8683.31654
-147.594562,1000,8714.792023
-280.820375,761,8739.263702
-333.924333,836,8763.62981
-292.876524,549,8781.117943
-332.179262,753,8815.737782
-306.69334,517,8833.763396
-326.226583,655,8856.989527
-310.933988,537,8873.808114
-331.394359,723,8895.114073
-327.938819,676,8916.986017
-311.072839,590,8947.645833
-322.911203,657,8966.599131
-160.687943,1000,8992.280081
-257.628474,904,9022.253362
-255.780647,679,9042.224866
-304.188914,517,9059.858888
-319.469609,662,9091.348655
-316.632895,740,9116.394131
-265.393862,835,9139.149281
-289.925963,611,9157.293668
-298.479787,523,9175.070817
-321.711711,602,9192.87863
-289.187976,1000,9235.373642
-299.598967,525,9253.904456
-298.350246,500,9271.835306
-314.745125,621,9292.007345
-310.493693,538,9311.098035
-353.458923,852,9335.92051
-306.030725,563,9363.807706
-321.853006,633,9386.752268
-309.34119,500,9404.813777
-336.272703,746,9429.648274
-328.657774,716,9451.629225
-291.948931,540,9468.998749
-255.97673,707,9488.917584
-314.118513,562,9518.063869
-218.93984,1000,9548.857936
-254.45298,521,9566.7001
-258.110293,999,9599.182595
-254.72059,576,9618.007965
-297.824618,529,9647.08784
-254.940831,640,9666.942964
-303.907454,866,9694.589367
-315.311165,743,9718.192167
-255.46409,683,9738.873938
-254.940129,601,9757.685953
-311.55709,701,9792.194172
-290.304461,503,9809.184879
-254.243265,503,9825.143258
-254.267606,500,9843.16358
-291.136234,508,9859.612345
-320.48149,582,9876.981664
-273.440801,1000,9909.089386
-254.27371,500,9940.462445
-93.563837,1000,9971.89527
-342.288803,783,9996.976638
-277.702428,1000,10027.902728
-249.775619,1000,10057.555311
-256.997147,800,10096.280607
-254.570291,523,10113.38386
-209.098189,1000,10143.994295
-307.254094,748,10165.637004
-292.246108,689,10186.200829
-103.238769,1000,10229.337233
-254.726708,545,10249.944703
-254.257741,500,10267.832468
-178.718337,1000,10298.630012
-317.378258,623,10319.570543
-311.828166,673,10341.093944
-310.649463,513,10369.282522
-322.46736,655,10388.745958
-258.270425,578,10406.510407
-170.630834,1000,10437.022869
-256.840673,797,10461.947466
-256.324946,786,10496.436809
-259.542002,533,10512.89614
-254.184551,529,10533.337951
-257.513394,927,10563.829948
-257.170914,831,10587.875498
-252.863803,1000,10615.837783
-255.86711,681,10649.390514
-254.849301,567,10668.566003
-294.974958,535,10686.043037
-111.144646,1000,10718.400985
-168.438451,1000,10747.960767
9.519165,154,10757.701064
-175.353096,1000,10798.926246
-256.961148,883,10826.345708
-255.164361,605,10847.130419
-268.563041,574,10867.527131
-310.733495,739,10892.330073
-284.113646,1000,10935.233243
-137.000663,1000,10966.229088
-255.519033,631,10987.652896
-254.555859,521,11007.09448
-319.169178,700,11030.528728
-325.184347,638,11052.668136
-257.257124,570,11083.860113
-266.437411,633,11103.915645
-188.975481,1000,11134.133849
-257.857682,912,11162.929209
-218.744242,1000,11193.753077
-128.48585,1000,11237.018146
-256.763804,767,11262.593937
-263.528935,545,11282.336658
-281.148878,548,11301.511956
-309.87277,631,11322.63383
-303.693896,571,11342.245693
-287.982027,1000,11385.887168
-321.485577,635,11406.229103
-280.453355,678,11428.874204
-255.297016,507,11447.435049
-262.564093,994,11476.870182
-255.578412,638,11509.145253
-256.23294,861,11535.982216
-254.25747,539,11555.362222
-254.749867,601,11575.655389
-254.309781,543,11595.094885
-254.235394,516,11613.568869
-232.700735,1000,11654.104445
-255.148594,607,11675.125967
-256.817464,910,11703.455913
-255.07786,643,11725.322559
-254.873634,591,11745.516609
-254.492001,529,11762.859158
-256.727934,897,11801.44467
-254.900083,611,11822.873833
-254.556675,539,11842.644815
-255.944202,800,11868.383129
-255.152986,652,11889.365518
-255.027934,608,11910.224643
-255.053672,595,11931.588762
-256.956408,928,11971.74786
-254.810248,609,11991.932378
-255.118984,613,12013.401409
-255.050452,596,12034.068255
-256.874068,911,12062.350937
-255.106558,639,12094.940147
-254.4043,519,12114.21823
-256.433185,859,12141.673457
-254.722182,598,12161.430231
-254.926976,605,12182.285385
-254.860571,573,12202.673527
-257.195348,950,12243.247181
-254.209729,534,12262.407701
-254.743609,561,12282.50526
-256.072912,814,12308.2581
-256.047033,753,12332.872525
-255.01949,592,12353.588234
-287.859258,855,12391.5018
-290.144914,799,12417.922535
-316.989257,826,12445.52297
-304.300323,605,12468.773581
-272.619456,873,12495.818211
-254.377545,500,12513.341423
-227.630665,1000,12609.855376
-257.796441,891,12636.232308
-256.012509,672,12658.826253
-272.150627,577,12678.184579
-306.049664,1000,12708.576601
-353.082677,997,12749.880472
-314.830677,639,12772.177037
-310.291314,584,12793.026551
-300.470447,500,12812.628205
-256.50849,916,12841.524199
-254.511158,516,12860.581813
-256.52315,888,12900.80874
-167.213567,1000,12931.120701
-191.228505,1000,12962.546053
-258.436102,622,12983.083214
-314.5,1000,13025.298889
-88.99886,1000,13055.003878
-316.21219,847,13078.712084
-315.95977,880,13106.839109
-267.054333,660,13128.50876
-254.45295,568,13147.88557
-255.924979,751,13182.332925
-243.897836,1000,13212.493507
-214.397295,1000,13242.899004
-257.053064,894,13269.847342
-197.713409,1000,13313.266161
-254.847698,614,13334.044087
-255.743173,727,13358.881825
-256.414165,812,13385.822303
-254.720027,598,13406.824152
-255.538868,662,13428.174006
-254.750598,560,13458.289321
-257.36436,975,13489.633207
-256.793218,860,13518.570829
-257.346443,930,13549.034087
-154.651183,1000,13593.988469
-256.287935,835,13623.296445
-264.383141,638,13645.838964
-258.24183,995,13679.01237
-257.390624,984,13711.600795
-266.399607,605,13733.8337
-319.912988,712,13770.542183
-283.694958,1000,13801.260354
-347.980277,909,13831.062184
-301.628745,500,13850.250674
-187.846195,1000,13881.459004
-256.400094,1000,13924.875979
-257.352867,908,13954.763819
-256.449911,767,13979.906832
-255.32372,717,14005.313612
-254.208328,536,14023.699696
-257.036352,931,14065.655154
-255.930084,750,14090.02003
-254.974342,588,14110.21258
-256.811598,907,14139.297937
-256.080381,770,14165.515191
-255.525227,700,14201.770077
-254.101749,520,14221.013556
-255.992072,802,14246.055976
-255.275491,668,14269.89962
-256.053083,805,14297.213841
-254.847055,614,14319.538613
-254.668282,592,14352.004612
-256.699077,898,14380.149982
-254.859879,615,14401.506681
-256.45379,817,14429.994914
-255.68717,720,14454.433896
-255.845257,740,14481.629282
-254.261562,540,14514.451753
-254.917673,664,14537.842083
-255.677156,719,14564.32169
-254.144758,525,14585.362917
-253.952178,501,14603.990201
-255.201938,700,14629.803625
-254.423804,560,14660.133832
-254.640594,588,14683.119482
-253.951837,501,14701.271755
-220.513679,1000,14735.229494
-256.645757,841,14765.054896
-256.830396,838,14795.603523
-255.338292,632,14829.333769
-256.935603,927,14860.401618
-255.443989,689,14885.390597
-256.330939,801,14913.754689
-255.850736,741,14939.284483
-255.885593,745,14979.081949
-255.297324,719,15005.19383
-255.287843,669,15030.120272
-255.317632,673,15053.900185
-255.253174,715,15078.866063
-254.403376,564,15100.256891
-254.610866,623,15135.250065
-255.112551,696,15160.091782
-254.155954,526,15180.812971
-254.912045,666,15205.692377
-254.06687,516,15225.164494
-255.99171,803,15252.557648
-254.970285,630,15274.38247
-255.030744,683,15309.652673
-256.741893,899,15339.652419
-255.708746,723,15365.805352
-256.513371,824,15394.018909
-255.950327,753,15420.237765
-254.815295,610,15454.131623
-253.939115,500,15474.485034
-251.045778,1000,15507.131126
-257.593074,961,15538.860462
-256.380148,804,15565.98141
-256.093075,720,15602.186024
-254.650733,633,15626.32521
-253.947658,502,15645.486736
-257.136616,949,15677.914773
-255.486185,695,15703.554787
-256.852507,908,15735.383028
-254.960925,628,15768.596602
-255.167594,701,15793.8667
-254.247517,538,15814.694702
-255.881566,792,15842.738619
-255.129424,650,15866.762026
-255.887079,746,15893.110886
-254.848687,614,15928.220861
-257.368515,978,15959.591086
-257.36465,933,15990.355732
-256.506,824,16018.749408
-142.177804,1000,16052.010642
-255.670866,775,16091.081537
-265.479216,547,16113.138451
-282.228061,547,16133.590494
-304.341846,1000,16167.781538
-143.626736,1000,16201.499148
-254.613994,633,16237.240664
-254.097816,511,16257.757823
-274.654839,922,16289.550816
-254.379452,500,16309.631079
-205.354379,1000,16344.537421
-257.452611,944,16386.693571
-254.746626,601,16408.937923
-254.427306,561,16430.225552
-254.156468,526,16451.711264
-254.548695,563,16473.181343
-254.297926,507,16492.965046
-255.917409,797,16520.009252
-253.950108,500,16552.102281
-254.752936,649,16576.066176
-254.641801,588,16598.081369
-254.152761,526,16617.287098
-256.454469,859,16647.393319
-256.921385,877,16676.764267
-255.195083,707,16712.398585
-253.963352,504,16731.237972
-257.276271,970,16764.92741
-257.659874,970,16797.659372
-256.602812,836,16828.356138
-255.040008,681,16863.724609
-253.937675,500,16884.32017
-256.12931,826,16913.69633
-254.716656,597,16936.955542
-254.928955,673,16961.183688
-254.50169,570,16982.934688
-254.791706,649,17007.918135
-254.620873,585,17042.007334
-255.110803,693,17066.591731
-255.896624,746,17094.249783
-257.308368,967,17126.057923
-256.518624,825,17153.699401
-256.016238,761,17192.563934
-255.002235,681,17216.257866
-254.12853,523,17237.006523
-245.988803,1000,17270.200593
-257.060607,894,17300.750107
-256.479775,820,17341.351749
-254.088664,519,17362.339112
-255.233055,708,17387.257263
-254.897615,620,17409.816355
-255.212493,704,17434.315767
-254.331022,548,17455.914289
-255.169748,691,17481.532815
-254.610873,584,17514.831553
-254.628756,586,17537.726919
-254.081634,517,17558.922075
-255.057575,684,17583.683782
-256.418039,857,17612.370861
-255.98722,758,17639.088125
-255.415614,686,17675.308544
-253.943419,500,17695.46328
-255.941163,795,17723.308396
-255.201814,659,17748.042532
-255.009533,634,17773.043857
-254.758688,644,17797.147918
-253.93601,500,17816.408628
-41.693504,1000,17861.718335
-287.041868,856,17894.219738
-299.701336,502,17915.0763
-254.547879,605,17940.333887
-254.217248,540,17961.093021
-253.948539,506,17981.545946
-253.92864,503,18012.648331
-254.773804,653,18035.888482
-253.937981,501,18056.964355
-254.951475,673,18081.431303
-247.06452,1000,18117.024214
-256.921668,876,18146.862047
-254.059244,514,18180.546196
-255.095634,692,18205.578066
-254.653143,589,18227.695714
-254.681953,634,18250.26192
-253.95151,501,18269.700851
-254.794781,655,18294.427008
-253.981876,505,18315.17251
-157.180425,1000,18362.16888
-160.909596,984,18396.081596
-141.711548,1000,18431.910455
-233.833453,1000,18465.937737
-257.190306,716,18503.893498
-254.082233,500,18525.677477
-177.75832,1000,18559.497286
-269.90052,881,18590.992143
-254.108552,504,18611.454699
-172.919891,1000,18657.367222
-274.153015,880,18688.296819
-254.091452,500,18708.986015
-178.532688,1000,18741.979908
-234.315998,1000,18777.369266
-255.356082,678,18815.078989
-253.948565,500,18835.268935
-255.048685,681,18860.453452
-253.944818,500,18881.321878
-254.909635,661,18907.115271
-254.616666,626,18931.139405
-254.017413,507,18951.264755
-254.903605,667,18987.705711
-254.981532,661,19012.351614
-253.94049,500,19031.804801
-255.607593,746,19060.088892
-254.597626,622,19085.037139
-254.633502,625,19109.692823
-254.86161,650,19147.205567
-256.045567,816,19177.177451
-254.925868,624,19201.664336
-256.114007,747,19229.305914
-255.247143,658,19255.173132
-255.306127,669,19280.657129
-255.026323,676,19318.221988
-253.946152,500,19339.706768
-257.425055,976,19373.431113
-256.905143,918,19407.186146
-298.476412,529,19427.498193
-212.490499,1000,19462.123848
-255.168137,654,19498.73997
-254.414353,563,19520.44541
-253.9994,512,19541.560992
-159.796698,1000,19576.505765
-198.982558,1000,19612.120507
-284.394679,968,19659.651567
-289.369469,500,19681.444623
-226.501894,1000,19716.476726
-328.747936,675,19743.966381
-201.051177,1000,19781.52182
-292.010088,731,19823.277066
-289.012556,500,19844.607768
-28.409487,1000,19880.282223
-169.87385,1000,19915.357763
-314.267875,763,19944.087712
-292.923943,514,19979.023046
-292.537839,501,20000.037157
-256.23647,953,20037.416472
-254.810513,609,20063.196162
-309.485256,641,20086.537017
-257.39783,1000,20120.97338
-234.437437,1000,20169.027864
-254.089726,500,20189.595269
-176.9798,1000,20225.366314
-284.189793,948,20258.519874
-254.085615,500,20279.959176
-181.351084,1000,20325.765006
-261.14024,1000,20361.295125
-254.092865,501,20382.472907
-193.914771,1000,20417.292959
-280.682284,1000,20452.585617
-254.086735,500,20483.948327
-185.487814,1000,20518.545648
-277.401864,920,20552.822035
-254.088757,500,20573.241543
-141.549287,1000,20608.944022
-255.241983,664,20646.120355
-253.964186,503,20667.460782
-254.754659,639,20693.10372
-254.140203,522,20714.215116
-255.00757,683,20739.521837
-254.862151,654,20765.279001
-254.947309,668,20802.841394
-255.240765,701,20829.838731
-255.188932,657,20856.277285
-253.966982,504,20877.401262
-254.599347,624,20901.29093
-253.963846,504,20922.304342
-255.28808,729,20948.344722
-254.729369,648,20986.37382
-253.948206,502,21007.466442
-254.880514,656,21031.843078
-254.863724,654,21057.109089
-253.971614,503,21078.715807
-255.123685,684,21105.863971
-255.372118,671,21131.780321
-254.81275,605,21169.311967
-255.004029,633,21194.792356
-254.51524,573,21219.103414
-254.220768,535,21241.873115
-254.543449,575,21265.097382
-254.669007,591,21289.049086
-254.224127,535,21311.76136
-254.883857,661,21349.881652
-254.001538,509,21370.845021
-254.702455,636,21396.1005
-254.568324,619,21420.029786
-254.04938,511,21442.180835
-254.575601,579,21465.666952
-254.01031,508,21488.465204
-255.308743,717,21528.505495
-253.939435,500,21550.143894
-254.688289,640,21574.208348
-253.998186,505,21595.342603
-254.914813,666,21620.949573
-254.725144,630,21646.199229
-255.085608,691,21673.884025
-253.939523,500,21705.251412
-254.772679,646,21731.844041
-254.640251,634,21757.684334
-255.032575,686,21785.117392
-254.903797,672,21810.727798
-254.773366,653,21835.280989
-255.23214,712,21875.802815
-254.358838,552,21899.583207
-254.9096,653,21926.067425
-254.730224,649,21952.486737
-254.091584,518,21975.283174
-254.518034,612,21998.371744
-253.988809,504,22021.149999
-254.872359,656,22060.510516
-254.074366,519,22083.23783
-254.971348,665,22108.267289
-254.959952,673,22135.673799
-253.990269,506,22157.277375
-254.926674,662,22184.691058
-254.753724,650,22221.637055
-254.865476,659,22247.38514
-255.141367,689,22275.57092
-254.778455,645,22300.961164
-253.912159,500,22320.929059
-254.714364,637,22348.059559
-254.661898,628,22374.198226
-254.594177,621,22410.722962
-254.961746,678,22437.440047
-254.579557,622,22462.696302
-254.732389,651,22487.761238
-254.734835,633,22513.689113
-255.006108,683,22541.209308
-253.942486,500,22563.978639
-38.541272,1000,22612.889043
-119.915712,1000,22650.453866
-256.971044,882,22685.259246
-257.113515,900,22718.3283
-255.446276,690,22757.988505
-253.971011,503,22778.961359
-156.382643,1000,22817.774786
-164.087463,1000,22856.544124
-260.814552,559,22880.311936
-258.172109,991,22929.412864
-258.621449,576,22951.981614
-77.76752,1000,22990.649891
-332.017072,1000,23025.854061
-148.690751,1000,23062.12327
-249.569124,1000,23111.064641
-291.45602,526,23133.623859
-289.030662,500,23155.516477
-284.46736,1000,23223.206754
-340.346443,786,23253.665194
-300.277451,729,23293.628874
-261.949687,604,23319.171738
-256.851589,500,23340.69464
-344.711931,835,23372.570923
-319.552745,586,23397.927429
-322.421289,593,23421.691551
-344.735363,840,23465.822623
-289.622687,777,23496.225205
-254.467342,544,23519.498831
-253.955336,501,23543.781501
-325.548378,670,23571.003872
-307.530831,501,23593.53934
-333.361155,739,23623.660087
-309.130974,512,23659.104142
-335.881193,744,23688.571971
-346.408927,874,23724.123416
-273.854647,651,23750.460528
-262.416942,554,23774.826084
-265.896971,500,23797.667112
-84.415334,1000,23846.963311
-325.265401,719,23873.166371
-206.914267,1000,23910.097909
-256.00264,760,23938.596121
-254.066087,517,23959.835488
-254.08388,522,23983.025958
-254.337497,555,24018.785712
-256.262541,796,24049.809859
-231.401048,1000,24087.259465
-257.618061,964,24123.921369
-82.378424,1000,24171.267312
-209.519054,1000,24210.441384
-217.397223,1000,24249.960933
-233.896557,1000,24289.16332
-257.489351,948,24325.680539
-255.781398,732,24367.049533
-254.547484,576,24391.733955
-254.870053,617,24417.479092
-254.828275,612,24443.534021
-254.030063,513,24466.012686
-254.469623,566,24491.501844
-254.475711,567,24529.099231
-253.935004,500,24551.709709
-254.713149,645,24578.981192
-254.151872,526,24604.84807
-255.184053,656,24631.424172
-257.16,896,24666.769614
-255.417387,686,24696.083651
-254.68864,594,24732.843257
-254.395258,557,24757.814074
-254.177156,529,24781.482075
-256.661104,843,24814.337989
-255.457248,692,24842.722257
-253.9095,500,24862.645189
-256.509421,843,24906.195153
-257.937113,972,24944.245733
-256.841531,951,24979.765712
-279.785594,634,25003.300169
-258.385975,511,25025.551193
-345.240903,923,25074.099558
-306.976019,555,25099.051978
-338.179548,864,25133.954653
-334.638912,843,25168.093505
-334.422361,830,25202.599729
-334.018458,831,25248.456708
-335.470107,842,25283.270013
-336.052728,852,25317.847674
-338.895085,889,25353.024083
-329.706718,827,25385.200523
-332.2645,818,25430.201416
-139.28157,1000,25467.506752
-257.658209,969,25505.878062
-255.536766,701,25534.283417
-254.568012,578,25559.967404
-255.14943,652,25588.219375
-255.267754,667,25626.232207
-253.945457,500,25648.932384
-209.409665,1000,25689.177471
-223.646574,1000,25729.831378
-257.352152,981,25780.43627
-254.280819,505,25804.463048
-341.837398,888,25840.243886
-313.026059,613,25868.032133
-330.621989,798,25902.381148
-104.38555,1000,25942.233695
-257.784037,967,25992.228698
-267.867147,864,26024.854042
-172.62601,1000,26064.17056
-255.442706,630,26090.657893
-264.221039,645,26116.822424
-260.046336,951,26166.031425
-253.933303,500,26187.81108
-267.202689,1000,26226.575826
-136.205473,1000,26265.047403
-205.483837,1000,26314.188534
-250.125569,1000,26353.186442
-254.97696,630,26379.348245
-255.612159,710,26408.120031
-257.748147,952,26443.94147
-317.739042,621,26470.990245
-307.412401,510,26506.965091
-87.297537,1000,26545.324876
-256.548153,829,26579.156123
-256.159008,780,26611.550245
-255.920974,750,26642.47094
-255.203267,659,26681.635489
-253.930085,500,26705.817082
-233.564034,1000,26746.859335
-254.304258,545,26770.012848
-235.730739,1000,26809.691037
-256.57974,833,26855.242187
-238.369635,1000,26896.100971
-233.024964,1000,26935.20743
-182.211327,1000,26974.874605
-296.730007,604,27001.236317
-289.510343,500,27037.284256
-189.425234,1000,27076.520056
-253.959242,501,27098.757651
-254.98467,660,27127.709087
-253.999634,507,27151.173716
-254.876519,662,27178.468451
-253.956658,503,27203.136285
-255.546638,737,27248.239035
-253.941569,501,27272.698039
-254.763217,647,27299.874897
-253.959718,500,27322.289288
-254.852334,657,27350.487304
-253.947056,501,27373.283609
-255.140007,688,27414.746524
-255.474932,730,27443.864685
-254.01873,511,27469.297002
-244.55924,1000,27508.755796
9.502413,2,27517.685736
-115.692424,1000,27557.468036
-254.72686,564,27584.37194
-254.312158,500,27619.478708
-254.921474,628,27648.079244
-190.496361,1000,27687.556267
-261.41864,854,27722.556848
-254.066957,500,27746.391219
-256.242314,746,27778.593995
-211.289193,1000,27831.139521
-84.79017,1000,27871.412359
-217.966086,1000,27910.193895
-254.374857,500,27933.224133
-255.319944,628,27961.300756
-254.303142,511,27996.348898
-254.98569,574,28021.208606
-254.166473,538,28045.782031
-133.254473,1000,28086.6902
-210.641698,1000,28126.577305
-136.064618,1000,28176.872865
-255.877935,721,28208.926064
-254.128815,506,28233.078731
-125.228275,1000,28276.634695
-187.639902,1000,28315.283219
-143.590905,1000,28368.819169
-254.118098,503,28395.138918
-193.70667,1000,28435.671591
-254.952505,1000,28476.507388
-309.122081,656,28506.452152
-309.369605,657,28546.573523
-230.141339,1000,28585.167668
-317.068646,747,28618.435145
-303.514381,588,28646.518812
-249.722908,1000,28688.207628
-320.209759,780,28730.816563
-304.991385,595,28759.028454
-324.463601,935,28796.422623
-329.210606,960,28834.046004
-333.383962,974,28873.416014
-325.42694,1000,28924.645519
-325.383991,762,28956.702559
-254.948753,1000,28997.969025
-234.381152,1000,29039.082242
-321.855651,1000,29093.013268
-301.165975,500,29117.819965
-145.621138,1000,29161.7212
-332.114807,798,29193.274976
-301.285802,500,29223.447766
-347.063901,918,29261.450081
-300.33306,523,29301.259778
-334.354334,873,29336.695446
-318.673599,1000,29377.450952
-322.45441,1000,29419.540222
-317.766491,1000,29474.156589
-318.071636,1000,29512.704694
-319.354065,1000,29555.582886
-322.48205,755,29590.939802
-294.407755,500,29616.906901
-322.6181,701,29660.98403
-310.368968,595,29691.669056
-314.069446,650,29723.572355
-300.400513,520,29747.040136
-298.600887,500,29772.854056
-342.077674,1000,29813.811387
-345.015396,977,29864.840631
-332.792227,855,29898.97407
-346.887378,944,29938.327081
-341.647772,940,29978.675891
-319.964622,722,30010.590092
-337.385491,826,30057.377203
-311.632539,602,30083.858998
-304.589459,552,30109.355443
-323.86948,758,30141.18518
-322.446044,756,30172.841753
-335.831156,1000,30225.633657
-323.21379,725,30256.273784
-317.895036,696,30286.631228
-298.733517,500,30310.733995
-301.731401,1000,30350.039643
-306.395879,563,30377.001767
-319.06582,706,30420.216954
-311.532702,637,30449.697882
-247.720853,1000,30489.367646
-330.570012,898,30526.480516
-305.446507,610,30554.001019
-265.851367,1000,30605.947332
-313.244323,708,30638.899641
-305.57112,613,30669.258067
-219.151326,1000,30711.192879
-334.664652,950,30752.397952
-305.655172,620,30781.089164
-302.913528,1000,30833.665394
-325.36448,877,30873.62824
-329.232836,885,30915.460183
-310.729554,657,30948.30046
-248.180167,1000,31004.442228
-328.038755,872,31045.812874
-301.70997,566,31076.720195
-179.941143,1000,31119.444361
-311.834585,679,31153.952607
-305.263036,602,31186.275325
-105.766929,1000,31242.509815
-308.560467,643,31274.182152
-306.44104,624,31308.525125
-240.052102,1000,31353.177619
-332.462128,940,31409.494655
-301.824104,560,31438.466851
-246.075974,1000,31484.227525
-319.705018,778,31523.564371
-306.400657,632,31555.868438
-228.389279,1000,31603.353807
-302.062665,583,31649.439116
-305.401671,612,31680.497734
-98.89834,1000,31728.200309
-304.376753,576,31756.358277
-253.233727,1000,31797.929249
-254.05625,516,31839.645022
-255.13108,603,31872.820484
-254.325307,514,31900.581587
-255.592016,644,31931.842446
-255.130024,658,31963.428797
-236.007946,1000,32006.492294
-263.273251,808,32053.707391
-253.954403,500,32078.203129
-158.692981,1000,32120.394639
-281.756958,1000,32162.47616
-302.212908,508,32192.697763
-257.83428,1000,32247.654506
-337.170267,994,32292.16421
-319.034573,769,32329.253087
-67.61944,1000,32370.977395
-347.063228,966,32409.481272
-339.35848,790,32456.807515
-336.204125,1000,32499.747891
-333.843834,1000,32540.920636
-276.474229,619,32571.531621
-261.23804,500,32596.125051
-205.008523,1000,32651.512562
-329.134384,884,32691.588943
-304.945791,608,32721.094744
-68.009043,1000,32765.086454
-303.500142,594,32794.584107
-306.164951,620,32836.834737
-301.988536,577,32868.593739
-36.873925,1000,32913.575434
-125.36088,1000,32957.18135
-261.461109,817,32993.684013
-261.944395,585,33034.223597
-291.479717,590,33061.871261
-297.883334,516,33090.970812
-256.779574,797,33127.694078
-254.379729,536,33158.113308
-254.231451,506,33182.848433
-254.882646,593,33212.49529
-254.178978,535,33251.715677
-253.906751,500,33279.304018
-233.651617,1000,33323.097757
-255.606993,641,33356.134917
-254.374511,500,33383.221817
-257.632405,974,33424.864342
-271.393047,811,33473.314886
-271.33701,862,33514.583224
-254.378004,500,33542.863085
-255.151898,642,33574.924349
-254.240211,525,33604.918885
-255.455509,654,33638.065837
-254.015545,514,33666.573024
-253.968641,508,33705.904201
-256.47597,817,33744.950256
-253.977475,509,33773.142035
-255.151031,608,33807.08471
-254.260596,519,33836.380719
-256.445254,799,33873.360951
-253.927055,503,33910.881159
-256.745986,800,33950.981964
-254.433252,530,33978.016258
-255.449016,630,34013.077633
-256.057593,707,34048.029815
-254.630956,529,34074.259218
-280.667228,584,34104.05508
-291.309937,544,34145.132887
-261.606384,747,34179.047777
-254.490508,513,34207.301084
-255.154385,595,34238.125432
-254.748281,567,34271.505695
-256.536124,779,34312.045177
-254.990491,570,34357.214185
-272.05755,573,34386.172272
-263.459036,783,34425.545301
-254.372722,500,34453.816909
-256.323429,791,34493.624383
-255.478826,626,34525.195717
-254.883897,558,34554.411571
-284.685382,561,34593.578617
-260.653215,761,34630.315014
-254.375511,500,34660.545235
-254.560275,578,34691.006406
-256.26152,829,34729.460378
-254.023008,509,34759.405209
-254.289272,519,34789.147662
-254.14433,505,34831.87869
-254.070684,521,34861.44839
-255.806477,743,34896.944587
-253.964097,508,34928.676916
-255.698027,655,34964.48464
-254.754371,568,34992.984839
-255.074979,650,35026.601656
-256.386723,744,35077.229674
-255.156128,614,35108.749875
-254.725043,606,35143.342682
-256.146247,718,35180.102178
-255.01728,596,35212.111107
-255.41386,688,35247.116665
-85.094862,1000,35304.621184
-254.202187,534,35336.806593
-256.209009,755,35372.600922
-278.081079,533,35402.326093
-263.585695,773,35442.048413
-254.372924,500,35476.660454
-255.783652,734,35524.485676
-256.539837,764,35567.745681
-254.752252,562,35596.218775
-255.837877,701,35629.261263
-254.208645,512,35658.325969
-256.215884,747,35697.988301
-254.484948,574,35738.044937
-253.947523,505,35766.827463
-255.365063,618,35802.077875
-254.713934,567,35837.713453
-255.294565,671,35873.095723
-254.725379,611,35907.843724
-254.391615,570,35941.751805
-255.29807,652,35989.254494
-254.225351,541,36020.099167
-253.959226,507,36049.672611
-253.922131,502,36079.068887
-256.167895,739,36119.173322
-254.065791,521,36147.159853
-253.91869,502,36174.65688
-255.264195,606,36221.852406
-254.748766,559,36251.198558
-256.020727,731,36288.929828
-254.06087,520,36317.660466
-254.927415,631,36355.845449
-253.997428,512,36386.745615
-255.939384,684,36423.127928
-254.672508,558,36467.184269
-254.890259,627,36504.046988
-255.964603,692,36543.772581
-254.859793,574,36575.691568
-255.153883,658,36609.333585
-255.916576,708,36647.630946
-254.197717,537,36691.264657
-253.958366,507,36718.882459
-254.075685,522,36751.880005
-255.337609,643,36788.080292
-253.989591,511,36823.446827
-254.770851,611,36856.57953
-253.908715,500,36888.10493
-264.684784,864,36947.066757
-267.977685,885,36991.667053
-254.383646,501,37023.927337
-255.137748,593,37056.843107
-254.736282,556,37084.771465
-255.68126,722,37123.547775
-254.450657,584,37157.448909
-256.110248,727,37210.260527
-253.913927,501,37239.432362
-255.80268,701,37278.264241
-255.119438,623,37309.94135
-255.316974,654,37345.278699
-256.140629,747,37385.877969
-254.891461,626,37430.712632
-254.037941,517,37461.048621
-256.416889,744,37504.558829
-255.505336,629,37539.797005
-254.80887,550,37568.790898
-271.977551,785,37611.575279
-254.372498,500,37649.682687
-256.465076,767,37706.193247
-254.445738,568,37745.403814
-253.999043,512,37772.792492
-255.308619,660,37810.237336
-253.929597,503,37841.088214
-256.113935,748,37884.47993
-253.937333,504,37925.537246
-269.006125,864,37970.946522
-291.045162,526,38000.718208
-259.655291,821,38052.297095
-254.373477,500,38086.385921
-257.385066,917,38134.20341
-254.006866,513,38179.389174
-254.53937,581,38220.603577
-256.810159,826,38261.782476
-253.979025,509,38297.017063
-255.315214,646,38334.046314
-254.175492,502,38365.882272
-255.882916,676,38403.062114
-254.782781,567,38451.769939
-255.732588,701,38490.485506
-254.32272,518,38520.539455
-263.543319,814,38566.175096
-274.699727,835,38608.214497
-254.384063,501,38634.614209
-255.1524,594,38682.65727
-254.948936,581,38713.100514
-255.201244,632,38751.567359
-254.486975,574,38788.3027
-254.201782,538,38820.532196
-253.995922,512,38848.593411
-254.070642,521,38882.872505
-255.729992,716,38933.722066
-256.615525,847,38983.929643
-253.992703,511,39014.609108
-255.069698,615,39054.51138
-254.07062,521,39086.817979
-256.091642,700,39131.810043
-254.826871,575,39166.876874
-255.306894,677,39213.329865
-254.564832,602,39249.788354
-255.586089,724,39295.735552
-256.321909,607,39325.518186
-222.69803,1000,39373.177509
-221.643032,1000,39436.876503
-256.646338,815,39482.797778
-254.212839,516,39513.891711
-128.428063,1000,39563.192492
-257.668243,880,39605.081642
-178.145704,1000,39669.465816
-254.386104,502,39705.730408
-255.374662,687,39743.099276
-207.318852,1000,39796.497876
-251.941991,1000,39849.285822
