#{"t_start": 1636194996.5971463, "env_id": "NavOmnibase-v1"}
r,l,t
-67.873093,1000,13.210604
-69.325592,1000,26.742071
-62.059164,1000,40.235492
-65.188368,1000,53.635279
-71.847769,1000,71.100409
-63.037506,1000,85.18156
-65.532816,1000,99.740794
-71.030354,1000,113.445925
6.958311,480,125.42483
-75.355471,1000,140.143874
-70.732441,1000,154.923881
-19.226255,1000,169.480838
-58.321824,1000,188.46379
-58.860504,1000,203.896719
-57.674619,1000,219.276464
-65.64642,1000,234.661572
-66.065231,1000,253.746266
-63.266078,1000,268.880662
-46.538244,1000,284.967863
-38.238901,1000,300.920892
-45.567813,1000,317.467368
-73.76406,1000,338.409373
-72.579104,1000,355.413933
-61.075874,1000,372.234207
-69.140235,1000,389.238089
-60.223279,1000,411.055137
-73.033541,1000,429.499481
-73.944576,1000,447.035385
-65.441833,1000,465.194816
-20.447421,1000,486.440644
-55.871552,1000,504.035939
-64.437734,1000,522.867738
-54.514182,1000,542.403894
-45.27715,1000,565.68757
-53.813031,1000,584.28177
-47.132608,1000,603.181397
-46.450492,1000,622.368715
-46.2812,1000,646.42286
-45.264751,1000,667.087369
-37.501247,1000,685.70276
-29.041781,1000,706.166688
-29.322892,1000,730.526628
-28.483484,1000,750.043506
-29.881763,1000,770.312141
-44.911407,1000,790.492445
-41.883888,1000,815.642425
-33.866521,1000,835.944816
-31.407875,1000,856.881728
-29.93319,1000,878.242953
-31.383084,1000,904.078618
-29.843567,1000,925.664286
-30.043255,1000,948.387503
-31.268026,1000,971.879804
-37.459834,1000,998.476332
-29.001768,1000,1022.337612
-68.503445,1000,1045.146135
-63.543816,1000,1068.876562
-21.043433,1000,1093.534206
-70.738317,1000,1116.073071
-29.322428,1000,1139.888524
-65.670159,1000,1165.962944
-25.959629,1000,1194.584988
-57.164167,1000,1219.385908
-38.58886,1000,1242.559565
-29.883179,1000,1267.212852
-39.085152,1000,1291.497501
-35.538408,1000,1322.956485
-29.512529,1000,1346.323724
-30.003009,1000,1373.665656
-65.667072,1000,1400.333709
-29.544274,1000,1429.168271
-32.985167,1000,1454.675406
-68.67166,1000,1481.540956
-26.776477,1000,1506.569614
-36.536282,1000,1533.775334
-70.988867,1000,1554.035732
-21.766769,1000,1572.347242
-64.257858,1000,1592.254216
-31.455933,1000,1616.56717
-73.5746,1000,1637.174507
-28.443078,1000,1656.090481
-27.953332,1000,1678.534209
-22.892708,1000,1704.669235
-67.622249,1000,1724.507506
-22.987071,1000,1749.158691
-64.134706,1000,1771.704313
-19.393369,1000,1800.433994
-67.589112,1000,1824.039509
-54.211841,1000,1849.866505
-46.60383,1000,1874.693597
-23.63376,1000,1904.364369
-35.265078,1000,1928.99339
-74.079219,1000,1956.007222
-38.510322,1000,1983.264858
-69.407381,1000,2014.974402
-20.90145,1000,2039.817138
-69.988935,1000,2065.917803
-29.769229,1000,2094.207745
-72.11486,1000,2124.293546
-67.366715,1000,2151.542315
-58.758949,1000,2177.488902
-27.723791,1000,2202.915787
-33.995514,1000,2234.757941
-24.974968,1000,2264.602346
-47.474695,1000,2294.05816
-30.225008,1000,2315.224467
-30.287183,1000,2344.672569
-33.172616,1000,2378.55128
-42.503459,1000,2407.780384
-66.879573,1000,2435.884161
-68.190155,1000,2465.075073
-65.315709,1000,2500.351385
-50.561203,1000,2528.937706
-15.685197,1000,2561.160924
-70.050984,1000,2589.51327
-29.536576,1000,2622.925876
-71.187387,1000,2649.979677
-62.955569,1000,2680.709705
-38.641183,1000,2712.907361
-40.367841,1000,2746.3671
-28.275468,1000,2776.540683
-69.296272,1000,2809.753995
-64.199652,1000,2841.197129
-34.252697,1000,2879.06355
-68.980627,1000,2912.654208
-59.232811,1000,2944.822057
-60.70884,1000,2976.37767
-63.518034,1000,3010.879927
-65.42322,1000,3047.111679
-67.791964,1000,3083.540787
-31.128864,1000,3118.6193
-31.030804,1000,3159.879449
-28.70735,1000,3193.305425
-27.849665,1000,3230.992517
-24.572037,1000,3268.782034
-40.734512,1000,3312.824757
-34.523054,1000,3346.021932
-30.307865,1000,3378.806419
-32.425017,1000,3411.841633
-30.452992,1000,3450.269308
-61.501219,1000,3485.369627
-31.615759,1000,3523.934357
-25.699061,1000,3563.431557
-33.858225,1000,3603.590606
-30.34605,1000,3637.989522
-30.958393,1000,3677.784859
-24.535274,1000,3714.654644
-30.451462,1000,3763.096154
-23.89754,1000,3801.815924
-27.085349,1000,3850.38091
-41.35648,1000,3892.435938
-19.942702,1000,3932.814617
-40.982492,1000,3971.273516
-21.554507,1000,4011.643103
-33.191417,1000,4055.02969
-30.732792,1000,4097.352054
-70.506561,1000,4136.321746
-61.186206,1000,4174.841579
-137.376113,1000,4213.721388
-63.94623,1000,4253.280779
-58.111948,1000,4290.859304
-60.98745,1000,4331.569764
-58.123647,1000,4374.064561
-42.60414,1000,4410.398166
-95.406135,1000,4452.453829
-34.036191,1000,4494.024129
-24.270595,1000,4535.518569
-78.42551,1000,4576.600914
-44.031609,1000,4617.486867
-20.077569,1000,4657.916625
-27.826712,1000,4697.773786
-21.867655,1000,4741.944296
-24.436752,1000,4786.470602
-16.425503,1000,4834.394689
-22.239393,1000,4871.335279
-26.041562,1000,4911.290851
-12.703111,1000,4961.180836
-28.086865,1000,5006.23754
-42.363006,1000,5048.564683
-26.204843,1000,5092.217704
-20.125256,1000,5134.088189
-45.036244,1000,5177.394738
-31.275835,1000,5214.745042
-19.153258,1000,5257.76462
-18.637133,1000,5307.47452
-35.033934,1000,5346.812875
-35.644087,1000,5388.38282
-27.195493,1000,5434.922376
-16.754907,1000,5488.52512
-28.060216,1000,5535.276503
-30.258081,1000,5577.76931
-28.596051,1000,5622.492393
-21.727491,1000,5666.205863
-30.86964,1000,5715.257137
-31.032689,1000,5754.855724
-29.871908,1000,5804.293813
-37.601266,1000,5853.591072
-42.254638,1000,5906.661825
-25.197143,1000,5950.040427
-18.459972,1000,5991.966323
-35.088265,1000,6034.543098
-17.100559,1000,6089.390837
-44.858894,1000,6135.18587
-36.655646,1000,6181.688877
-30.018956,1000,6224.482042
-44.887557,1000,6274.641969
-58.971802,1000,6333.212968
-61.221192,1000,6389.422403
-46.827158,1000,6436.240236
-76.898745,1000,6490.940984
-57.248302,1000,6535.634743
-128.105768,1000,6581.725624
9.810718,161,6619.961967
-149.13846,1000,6661.977515
-100.720613,1000,6709.046217
-92.158278,1000,6757.595676
-58.59211,1000,6811.491902
-62.56081,1000,6866.173176
-56.002473,1000,6920.925363
-41.231283,1000,6965.981682
-59.369917,1000,7012.379533
-63.298765,1000,7055.904136
-64.440551,1000,7106.108593
-42.320689,1000,7161.933829
-39.476507,1000,7208.981013
-27.144313,1000,7259.49
-6.651111,629,7305.825384
-42.562192,1000,7364.719376
-18.675656,1000,7412.74409
-6.012515,1000,7461.144355
-81.460299,1000,7509.919637
-80.953548,1000,7564.250931
-24.98513,909,7615.477396
-60.703281,1000,7664.273977
-60.342248,1000,7727.287502
-60.137354,1000,7780.279061
-71.375993,1000,7825.937854
-42.387164,1000,7883.807209
-39.488031,1000,7933.663488
-25.095122,1000,7986.668714
-24.34958,1000,8042.329326
-27.7887,1000,8098.207885
-25.901984,1000,8151.489748
-42.506327,1000,8205.396586
-16.009726,1000,8264.219585
-25.431378,1000,8316.443841
-23.76783,1000,8371.989041
-60.526995,1000,8430.865427
-33.123345,1000,8491.537026
-26.975114,1000,8545.128109
-24.58792,1000,8598.160921
-23.531699,1000,8655.305885
-73.277364,1000,8702.670834
-18.275452,1000,8764.018922
-30.35903,1000,8811.584778
-12.525805,1000,8865.462683
-27.068263,1000,8918.093783
-39.347431,1000,8969.783921
-25.699166,1000,9030.231551
-26.558442,1000,9094.503838
-17.725094,1000,9144.275342
-2.214691,832,9196.89019
-36.309943,1000,9246.857776
-22.096999,1000,9302.518197
-69.724778,1000,9362.293447
-79.013615,1000,9422.059691
-67.357873,1000,9478.950842
-17.668782,1000,9528.484643
-47.595856,1000,9587.728206
-43.614376,1000,9641.786698
-14.737986,1000,9700.669729
-30.666756,1000,9756.210036
-34.778649,1000,9814.746122
-25.092252,1000,9874.533773
-21.525701,1000,9931.930524
-27.933997,1000,9986.285731
-32.497433,1000,10050.731954
-19.660924,1000,10104.611639
-47.960021,1000,10158.869734
-69.932397,1000,10219.685676
-69.092902,1000,10288.875782
-60.710511,1000,10338.169921
-36.224921,1000,10391.518364
-61.882108,1000,10449.985533
-44.319499,1000,10511.828464
-58.082245,1000,10569.956423
-67.29727,1000,10625.03628
-65.206435,1000,10684.356324
-95.012373,1000,10753.330155
-79.581958,1000,10805.854956
-90.97548,1000,10852.823785
-48.925032,1000,10919.906298
9.832869,184,10958.635105
-139.255668,1000,11010.855749
-129.576333,1000,11066.419615
-13.956895,1000,11126.87723
-56.048419,1000,11183.767872
-46.348469,1000,11246.813368
-95.976692,1000,11306.957756
-51.827184,1000,11363.662559
-25.086439,1000,11420.061696
-30.290245,1000,11490.522602
-61.513353,1000,11551.041793
-40.508802,1000,11607.075153
-8.87253,1000,11672.864797
5.659175,477,11733.689789
-56.638333,1000,11805.8584
-59.906874,1000,11860.091217
-24.056978,1000,11914.818322
-68.255369,1000,11977.040096
-30.680529,1000,12041.182325
-28.872849,1000,12100.462601
-33.489929,1000,12166.576407
-59.996742,1000,12228.216509
-52.241102,1000,12295.340622
-95.754795,1000,12355.79354
-57.247426,1000,12421.450685
-72.800735,1000,12480.435426
-33.300174,1000,12546.185032
-75.74881,1000,12601.688557
-76.56876,1000,12661.212871
-42.47674,1000,12725.641391
-32.476893,1000,12800.968776
-63.66496,1000,12864.336439
-43.206291,1000,12929.23045
-51.675533,1000,13000.490244
-30.841573,1000,13078.731085
-28.094739,1000,13146.782045
-56.288604,1000,13220.338052
-56.49289,1000,13284.509101
-41.972866,1000,13348.886499
-47.490494,1000,13417.068613
-54.056259,1000,13478.733647
-33.535821,1000,13543.609549
-36.575395,1000,13617.361608
-34.781136,1000,13688.061074
-65.434576,1000,13746.522959
-63.594393,1000,13802.664329
-62.045123,1000,13865.569917
-47.970352,1000,13931.498267
-63.507806,1000,14002.246685
6.888604,259,14049.707769
-56.93724,1000,14103.706264
-124.76495,1000,14174.936129
-25.909349,1000,14240.161134
-54.335169,1000,14296.63408
-72.874522,1000,14361.410454
-62.262425,1000,14423.783909
-68.400663,1000,14503.636384
-48.736778,1000,14572.292638
-55.51268,1000,14630.695892
-25.402446,1000,14690.683367
-48.296143,1000,14766.35556
-42.830076,1000,14826.949294
-37.613176,1000,14897.038234
-42.794224,1000,15103.41878
-56.863635,1000,15167.873583
-28.827562,1000,15228.322723
-33.490335,1000,15287.218948
-57.603083,1000,15464.149629
-11.534871,1000,15533.649734
-20.219529,1000,15599.582683
-13.530297,1000,15668.359857
-33.665553,1000,15727.519084
-52.963762,1000,16451.643509
-62.111237,1000,16524.250512
-22.366577,1000,16714.836669
-49.231757,1000,16778.793245
-40.245391,1000,16848.218502
-20.257153,1000,16920.023811
-27.177789,1000,16979.630885
-18.887796,1000,17043.126393
-14.046809,1000,17112.751483
-47.424085,1000,17311.960035
-53.345454,1000,17383.638771
-34.869654,1000,17583.103619
-17.284006,1000,17651.087218
-17.334465,1000,17715.879158
-44.978451,1000,17777.455864
-60.18865,1000,17840.169831
-16.283382,1000,17895.938299
-45.281608,1000,17962.654747
-35.379221,1000,18029.649388
-14.893001,1000,18100.309258
-49.631957,1000,18163.090329
-45.489978,1000,18225.150747
-27.702974,1000,18280.844567
-18.008893,1000,18488.616858
-69.427665,1000,18551.526878
-28.416134,1000,18609.259069
-32.106982,1000,18671.062049
-32.484522,1000,18729.831836
-37.955611,1000,18787.461031
-48.148109,1000,18851.199947
-38.803694,1000,19049.161328
-53.513921,1000,19115.29487
-48.228599,994,19169.528588
-60.891832,1000,19248.616939
-65.13581,1000,19306.065354
-72.914317,1000,19377.659309
-21.885703,1000,19441.566109
-59.860384,1000,19519.426058
2.781803,690,19573.816561
-56.887084,1000,19774.125809
-67.121415,1000,19832.222954
-15.833724,1000,19901.936778
-23.683148,1000,19961.519404
-13.661672,1000,20020.161023
-60.123287,1000,20219.939448
-57.518759,1000,20284.792135
-54.159007,1000,20352.091243
-20.424558,1000,20552.359868
-81.540849,1000,20619.125701
-33.843985,1000,20683.664023
-51.734508,1000,20881.640848
-60.462322,1000,20949.567672
-50.771611,1000,21032.719974
-11.806824,1000,21098.910348
-17.598948,1000,21173.560612
-11.333113,1000,21248.876065
-39.831472,1000,21316.469573
-56.890566,1000,21392.337932
-38.33988,1000,21460.417545
-27.195794,1000,21535.186586
-25.634157,1000,21723.501749
-47.087547,1000,21792.724305
-16.293672,1000,22546.324694
-8.743642,1000,22623.163084
-16.157239,1000,22684.466984
-37.802813,1000,22738.020523
-45.10071,1000,22816.716747
-41.60179,1000,22889.509741
-73.249363,1000,22949.357321
-36.937963,1000,23019.778244
-8.075112,1000,23081.182384
-54.717695,1000,23140.992817
-42.874434,1000,23204.330844
-17.435054,1000,23414.33266
-70.536733,1000,23498.201209
-13.720009,1000,23566.966612
-19.511464,1000,23629.455913
-12.493976,1000,23695.774613
-15.359042,1000,23772.562524
-57.981892,1000,23844.914118
-34.615546,1000,23916.533238
-56.441083,1000,24118.950879
-15.039281,1000,24196.87315
-11.487375,1000,24269.001374
-69.790834,1000,24338.143376
-33.422327,1000,24413.345419
-39.916718,1000,24491.984377
-13.519218,1000,24561.025568
-18.382474,1000,24636.735315
-52.064389,1000,24715.161637
-74.003495,1000,25516.09782
-91.22255,1000,25596.470519
-36.429756,1000,25658.419958
8.034245,309,25708.94931
-24.954152,1000,25773.998951
-48.951407,1000,26516.96194
-15.59307,1000,26593.268281
-74.230848,1000,26667.813067
-16.4002,1000,26738.540283
-59.332416,1000,27540.915341
-76.536033,1000,27621.824905
-2.918499,304,27672.611567
-66.304219,1000,27733.303047
-23.830559,1000,27937.880038
-51.400718,1000,28016.521349
-34.929759,1000,28092.346787
-19.587899,1000,28221.803011
-59.675641,1000,28294.604396
-49.024056,1000,28353.198516
-55.826013,1000,28552.073226
-30.259862,1000,28622.559616
-46.887509,1000,28814.813508
-28.954479,1000,28885.669484
-63.03629,1000,28954.242825
-84.46062,1000,29015.946624
-67.457089,1000,29079.294139
-65.557295,1000,29144.808906
-66.319882,1000,29214.205742
-49.516823,1000,29274.076055
-25.224094,1000,29326.553953
-30.837407,1000,29384.054984
-31.350357,1000,30141.201983
-51.08727,1000,30199.24376
-48.797096,1000,30264.956354
-59.886149,1000,30333.70629
-50.351919,1000,30459.392409
-61.305469,1000,30518.61517
4.80298,493,30573.584738
-66.788309,1000,30635.230362
3.589112,524,30693.479228
-47.300889,1000,30750.397505
3.106545,494,30819.238518
-1.979034,840,30875.564599
-15.662678,1000,30961.843579
2.879308,705,31016.239429
-46.581076,1000,31077.493825
-19.151433,1000,31285.715565
-45.012925,1000,31341.785685
-18.643261,1000,31537.4903
-54.812265,1000,31603.466563
-15.421025,1000,31776.656921
-25.816243,1000,31836.5922
-46.506474,1000,31901.095407
-14.329325,1000,31948.188855
-10.622715,1000,32002.233187
-16.690071,1000,32185.972607
-12.531791,1000,32240.336614
-17.583854,1000,32301.776386
-19.567627,1000,32351.158325
-30.328929,1000,32552.347542
-42.516938,1000,32604.008234
-13.719335,1000,32654.061996
-19.134131,1000,32708.093288
-17.00572,1000,32870.780548
-13.200115,1000,32916.844079
-15.498736,1000,32967.632106
-11.229706,1000,33014.100301
-18.08797,1000,33055.414774
-9.883003,1000,33093.849962
-13.982862,1000,33143.981738
-17.90844,1000,33315.971758
-10.644438,1000,33367.519552
-21.836474,1000,33415.491225
-19.107765,1000,34187.66875
-11.792862,1000,34239.401363
-13.101108,1000,34295.722548
-31.208218,1000,34339.703717
-19.306346,1000,34391.459651
-21.686209,1000,34437.981301
-20.266754,1000,34484.242011
-12.491362,1000,34526.84574
-7.002664,1000,34568.798076
-41.835573,1000,34620.938608
-15.085991,1000,34799.495888
-16.40451,1000,34860.404868
-19.713595,1000,35037.435846
-47.528615,1000,35091.931036
-27.407109,1000,35135.110552
-18.178376,1000,35177.931548
-21.319366,1000,35234.173494
-6.423516,1000,35278.736585
-13.583126,1000,35332.29781
-16.209945,1000,35382.442624
-23.585495,1000,35427.288865
-18.137681,1000,35469.692581
-19.652749,1000,35514.294994
-111.184805,1000,35708.073647
-81.780089,1000,35752.855382
5.339148,369,35790.033801
-46.79035,1000,35838.322644
-70.191046,1000,36017.194841
-58.540261,1000,36066.111741
-64.905909,1000,36105.747615
-35.116172,1000,36150.73193
-73.534658,969,36210.361784
-17.115885,1000,36389.450966
-41.328097,1000,36442.594113
-22.455998,1000,36501.810968
-1.005179,719,36555.714844
-29.406854,1000,36604.634949
-19.280945,1000,36777.032253
-36.753212,1000,36826.906414
-6.174631,698,36865.616382
2.980483,741,36898.623101
-17.121544,1000,37068.835823
-14.085335,1000,37116.717796
-42.384313,1000,37163.547413
-13.663217,1000,37208.571214
-16.62182,1000,37388.276866
-17.445634,1000,37435.163019
-23.574223,1000,37487.258606
-32.130435,1000,37670.016635
-7.910682,1000,37724.534348
-46.865505,1000,37769.667949
-10.039721,1000,37814.149106
2.185337,864,37857.019631
-11.472887,1000,37911.742407
-12.867842,1000,37958.270448
4.094842,989,38013.766719
-7.229975,1000,38057.385803
-10.099835,1000,38108.021152
-20.906999,1000,38155.032294
-6.973859,1000,38203.532734
-12.441406,1000,38251.191378
5.6522,754,38294.945635
-17.154939,1000,38338.010746
-61.016747,1000,38376.91524
-15.081148,1000,39108.882335
-30.632925,1000,39151.091403
-6.770953,1000,39196.302811
-24.278227,1000,39245.346893
-13.009888,1000,39303.074017
-8.887151,1000,39345.455226
-14.083769,1000,39389.131763
-14.885895,1000,39565.890008
-47.789507,1000,39619.880753
-13.575404,1000,39776.016771
-11.528132,1000,39823.871069
-11.385947,1000,39876.432205
-13.739787,1000,40581.937864
-9.313663,1000,40629.630989
-55.077223,1000,40682.297127
-8.291566,1000,40723.448424
-13.398639,1000,40774.670392
-8.706251,1000,40814.095053
-7.038625,1000,40867.47142
-11.143911,1000,41040.813283
-11.224549,1000,41097.87569
-8.832845,1000,41140.416559
-13.579069,1000,41191.161494
-10.762915,1000,41236.40133
-41.410837,1000,41284.989723
-6.993904,1000,41326.834432
-9.87446,1000,41365.05165
-9.23628,1000,41411.721996
-7.875499,1000,41466.5028
-8.465205,1000,41511.818303
-9.709923,1000,41684.952925
-18.660663,1000,41729.677881
-12.904892,1000,41774.559851
-29.381661,1000,41825.930833
-14.0605,1000,41875.269434
-38.135472,1000,41921.211513
-9.232714,1000,41964.963599
-10.629442,1000,42022.620156
-11.05601,1000,42194.910403
-52.400616,1000,42246.107664
-31.223511,1000,42407.390217
-8.35116,1000,42456.041654
-9.180408,1000,42631.83978
-8.195517,1000,42677.88702
-8.939315,1000,42852.107145
-55.011546,1000,42897.452557
-9.455411,1000,43071.249617
-50.510584,1000,43113.907495
-9.486453,1000,43287.474613
-17.368198,1000,43339.923639
-20.500058,1000,43384.901518
-9.632515,1000,43428.779266
-7.853861,1000,43477.806704
-10.418646,1000,44201.365826
-36.45338,1000,44247.698821
-53.641197,1000,44283.380759
-52.344953,1000,44461.111363
-31.707979,1000,44508.120847
-10.736918,1000,44548.095813
-7.21257,1000,44592.42864
-14.450723,1000,44631.632533
-9.449831,1000,44678.542228
-39.295533,1000,44722.210403
-61.074188,1000,44765.359379
-65.578392,1000,44806.846278
-16.396611,1000,44854.147806
-53.534014,1000,44899.550776
-8.847917,1000,44937.350003
-51.972338,1000,44986.667587
-9.518643,1000,45686.740174
-41.150509,1000,45732.183666
-9.292879,1000,45772.919239
-55.24723,1000,45817.33902
-51.364037,1000,46523.967873
-10.211693,1000,46567.051789
-7.606759,1000,46614.116256
-12.2574,1000,46652.478415
-53.810715,1000,46692.091225
-18.818931,1000,46739.147029
-12.938731,1000,46894.603414
-6.388416,1000,46938.332283
-10.222088,1000,47101.635983
-7.848744,1000,47149.513854
-54.109982,1000,47193.076681
-44.244917,1000,47365.929435
-56.085504,1000,47411.828224
-65.570191,1000,47462.427097
-7.680419,1000,47507.825864
-54.695147,1000,47677.110997
2.852107,984,47719.879081
-56.017866,1000,48454.201491
-12.381334,1000,48495.460346
-7.247483,1000,48545.568563
-62.683551,1000,48585.165833
-12.648207,1000,48631.610981
-8.245998,1000,48668.870245
-59.628224,1000,48710.712895
-59.914442,1000,48886.132638
-11.61188,1000,48934.263129
4.405267,689,48969.726382
1.420487,943,49008.999855
-73.109403,1000,49045.652127
-67.617885,1000,49084.065214
-62.563733,1000,49123.391072
-71.374347,1000,49164.886517
1.322729,942,49202.290356
-51.208273,1000,49239.791332
-38.476284,1000,49286.131663
-38.990788,1000,49440.030758
4.090832,969,49478.403221
-8.685509,1000,49519.570232
-20.724028,1000,50218.208534
-7.455008,1000,50253.637777
-10.399008,1000,50294.076527
-65.316065,1000,50450.700625
-61.039084,1000,50496.654054
-9.421138,1000,50534.844582
-78.813588,1000,50571.93429
-69.857664,1000,50601.784983
-13.879122,1000,50642.105401
-69.025164,1000,50676.561459
-55.049156,1000,50842.939211
-10.031147,1000,50881.939534
-76.814893,1000,50921.285351
-40.064465,1000,50955.337132
-74.048018,1000,50989.159255
-43.87554,1000,51157.77701
-7.781239,1000,51197.236866
-66.386577,1000,51238.543818
-10.865483,1000,51272.067525
-61.097763,1000,51305.616459
-65.895503,1000,51343.188924
-7.923304,1000,51380.821446
-57.975561,1000,51413.995582
-13.470044,1000,51444.233834
-72.412233,1000,51480.358335
-69.005282,1000,51513.415624
-51.296345,1000,51674.680683
-10.586416,1000,51706.815734
-78.65067,1000,51743.410224
-11.662403,1000,51778.796442
-76.815053,1000,51813.180074
-12.34359,1000,51843.755512
-13.998445,1000,51875.687358
-7.876507,1000,51910.096115
-71.743415,1000,51941.481951
-34.521854,1000,52090.779213
-6.843926,1000,52122.184217
-39.562921,1000,52154.443021
-41.176621,1000,52184.113984
-33.703888,1000,52212.389885
-67.951032,1000,52243.865091
-50.503914,1000,52943.102594
-26.042475,1000,52974.620889
-53.476366,1000,53126.580625
-66.930259,1000,53158.780061
-12.088295,1000,53191.055572
-78.798628,1000,53220.544403
-57.728881,1000,53372.594935
-80.965734,1000,53402.627009
-4.217794,612,53431.797554
5.24284,465,53451.739691
-64.963557,1000,53482.525821
-67.46699,1000,53508.873473
-74.631097,1000,53539.461751
-25.064541,904,53570.046437
-49.246152,1000,53724.982506
5.593107,544,53746.635596
-85.024001,1000,53775.829404
-73.619826,1000,53803.954196
1.862193,779,53835.105424
-17.584744,1000,53986.456167
-21.164756,1000,54014.669611
-42.393415,1000,54041.393772
-67.326842,1000,54076.715286
-43.931225,1000,54107.549299
-75.122322,1000,54135.178915
-15.308572,1000,54284.724336
-74.543733,1000,54316.798006
1.204603,989,54341.435459
-16.679397,942,54490.784221
-63.478946,1000,54520.44174
-18.665084,1000,54550.741822
-10.239535,1000,54578.74754
-46.779317,1000,54734.613098
-39.962208,1000,54761.636867
4.836972,594,54785.009772
-21.585219,1000,54817.488943
-5.096156,1000,54844.137568
-28.180339,1000,55003.027803
-51.030144,1000,55030.832632
-4.526715,746,55058.847517
-76.525566,1000,55085.666954
-74.244226,1000,55115.346046
-62.071871,1000,55143.350927
-62.639682,1000,55175.250598
-39.191572,1000,55321.335803
-68.499645,1000,55349.09731
-28.497215,1000,55503.328127
-52.110405,1000,55536.693392
-63.352368,1000,55562.451772
-54.405269,1000,55587.84179
-72.064014,1000,55615.959381
-36.074821,1000,56324.416622
-23.011,1000,56351.994611
-26.729802,1000,56508.60466
-48.053576,1000,56537.164426
5.894635,594,56560.664121
-77.213157,1000,56592.132645
-33.875325,1000,56617.144579
-11.003539,1000,56775.724734
-74.995456,1000,56804.49901
-61.150629,1000,56837.433659
-57.848154,1000,56865.222662
5.089928,729,56887.283718
-66.961504,1000,56913.10717
4.066886,651,56934.538449
-72.429154,1000,56965.150213
3.497211,914,56991.693059
-73.367206,1000,57018.388375
-71.211359,1000,57047.006835
-18.864879,1000,57734.658062
-29.74257,1000,57761.519624
-11.004132,1000,57791.626055
-73.813474,1000,57818.451316
-3.696689,990,57849.356253
-69.245909,1000,57876.240419
-7.987329,1000,57901.894021
-26.276338,1000,58051.665671
-70.962011,1000,58084.600804
-47.576319,1000,58109.507313
-80.415575,1000,58136.607131
-77.205259,1000,58163.126146
-38.312146,1000,58854.164898
-30.07669,1000,58880.822993
-9.01126,1000,59029.396706
-20.958026,1000,59056.402392
-11.992734,1000,59743.153216
0.826924,944,59769.492885
-64.504421,1000,59796.628369
-43.534403,1000,59945.814074
-10.970466,1000,59977.972038
-48.339465,1000,60147.296641
-9.408116,1000,60174.363568
-1.175192,849,60198.591195
-67.646111,1000,60228.255687
-34.494797,1000,60258.593595
-7.545196,1000,60284.744042
-36.123993,1000,60442.454729
1.397827,989,60470.661313
-71.848106,1000,60506.302865
-49.239669,1000,60663.990847
-68.913452,1000,60692.123831
-65.09271,1000,60718.263297
-51.32064,1000,60751.118441
-59.175635,1000,60780.140963
-59.953788,1000,60807.460315
-50.298306,1000,60956.392164
-15.54854,1000,60988.712594
-72.231951,1000,61015.971721
-54.699918,1000,61043.401301
-53.81692,1000,61070.406084
-76.659536,1000,61102.811936
-73.312529,1000,61132.771967
-11.15756,1000,61271.967854
-13.254604,1000,61300.606173
-13.910245,1000,61331.41434
-63.863535,1000,61359.248728
-58.508667,1000,61388.004804
-76.368751,1000,61415.209193
-55.528,1000,61446.867949
-54.669973,1000,61473.865348
-47.503837,1000,61627.743894
-10.72605,1000,61656.088095
-48.978692,1000,61687.539483
-9.12678,1000,61715.342718
-8.780534,1000,61740.824678
-56.803779,1000,61767.617313
-59.99859,1000,61800.968679
-77.268013,1000,61828.557779
-6.89756,1000,61858.509194
-8.66639,1000,61887.63355
-11.561689,1000,62040.647222
-70.238333,1000,62075.262015
-9.241172,1000,62230.597744
-72.479124,1000,62260.174751
-9.043985,1000,62288.446716
-20.482903,1000,62320.168782
-7.271727,1000,62347.040986
-59.632501,1000,62378.695841
-9.385318,1000,62522.870156
-58.371823,1000,62555.532786
-1.065027,544,62579.267337
-74.362603,1000,62610.588794
-45.246472,1000,62637.777974
-20.782642,1000,63323.598881
-61.970167,1000,63352.476046
-87.221177,1000,63496.714466
-84.816218,1000,63526.696542
-67.228772,1000,63561.12816
-57.41195,1000,63718.074043
-58.276435,1000,63746.711897
-46.050701,1000,63889.270388
-63.777275,1000,63922.749703
-71.534397,1000,63950.216043
-36.473989,1000,64121.88166
-71.544976,1000,64152.271562
-11.748355,1000,64180.891182
-58.398655,1000,64874.604785
-72.384117,1000,64903.819833
-46.706107,1000,65059.22597
-74.755169,1000,65089.591372
1.899331,881,65776.227143
-74.416323,1000,65805.794064
-34.954586,1000,65835.930335
-70.34507,1000,65864.143457
5.098081,714,65893.258029
-88.268291,1000,65920.778809
-75.858446,1000,65952.064885
-64.083795,1000,65983.85681
-0.123862,774,66012.880924
-5.449849,708,66036.6257
-37.822851,1000,66065.53801
-44.838504,1000,66095.905635
-58.616613,1000,66123.997999
-73.957305,1000,66157.687992
-64.741869,1000,66186.451141
-12.359788,1000,66331.245178
-78.191589,1000,66362.247407
2.988365,684,66388.122837
-69.566257,1000,66416.782679
-10.207913,1000,66444.610665
-14.50375,1000,66606.682454
1.176282,814,66633.93513
-32.189145,1000,66667.873306
-57.912911,1000,66700.803174
-7.876571,1000,66729.433122
-30.144869,1000,66758.127299
4.674586,839,66787.701846
-80.006516,1000,66819.266132
-15.304185,1000,66957.73415
-70.490105,1000,66988.953277
-24.292243,1000,67022.539209
-9.371645,1000,67178.801202
-73.464271,1000,67209.794419
-12.534683,1000,67239.685809
-65.709579,1000,67273.021666
4.133862,794,67298.221924
-69.304619,1000,67328.547283
-5.333212,1000,67471.770219
-79.282776,1000,67505.62078
-7.961165,1000,67535.872537
-71.846067,1000,67564.718294
-6.975567,1000,67592.126483
-7.512441,1000,67626.93502
-9.412887,1000,67778.177247
-7.124499,1000,67808.406384
-79.158399,1000,67840.724553
-6.448031,1000,67873.839519
-65.962754,1000,67906.578174
-6.235076,1000,67935.242121
-5.98518,1000,67963.738632
-9.041459,1000,67990.204222
-45.214408,1000,68675.455543
-6.83924,1000,68705.212342
-6.465809,1000,68733.73015
-9.89479,1000,68762.975426
-9.175769,1000,68800.686502
-7.575849,1000,68828.603372
-70.200711,1000,68860.108748
-63.16477,1000,68890.828468
-7.180217,1000,68924.422904
-34.163248,1000,69068.867974
-63.929096,1000,69098.97099
-6.977969,1000,69131.837817
-10.154204,1000,69165.775898
-9.934588,1000,69323.612708
-6.092025,1000,69354.259182
-31.783049,1000,69383.772209
-11.33121,1000,69416.448023
-9.800219,1000,69446.054803
-23.734616,1000,69601.827703
-5.539806,1000,69631.143787
-11.14523,1000,70279.554506
-8.175756,1000,70308.63714
-36.237577,1000,70463.208842
-5.929239,1000,70493.77175
-9.172129,1000,70528.73133
-11.81465,1000,70558.486935
-5.765898,1000,70585.840564
-36.324694,1000,70733.802566
-6.563658,1000,70766.784616
-6.589241,1000,70795.931804
-9.852906,1000,70827.343982
-54.52782,1000,70856.142227
-9.736702,1000,70893.822046
-38.541085,1000,70926.201212
-16.631235,1000,71081.992004
-9.508303,1000,71112.440509
-7.669748,1000,71145.99241
-10.608688,1000,71174.385286
-9.728955,1000,71205.374191
-5.973451,1000,71235.117001
-10.182405,1000,71391.606263
-46.469977,1000,71425.763046
-6.539436,1000,71459.864653
-52.324592,1000,71488.255723
-5.333004,1000,71517.258549
-36.518419,1000,71549.375873
-34.801504,1000,71710.309484
-8.061942,1000,71741.701031
-6.70671,1000,71771.871676
-9.640196,1000,71805.250494
-5.308693,1000,71947.742989
-6.345533,1000,71979.17924
-7.553475,1000,72010.122945
-32.143087,1000,72656.908657
-6.412185,1000,72687.459633
-9.340541,1000,72718.661049
-9.001747,1000,72747.947539
-7.727465,1000,72779.196509
-8.155036,1000,72808.310383
-34.242651,1000,72840.523404
-8.644528,1000,72992.754779
