#{"t_start": 1649176041.808542, "env_id": "NavOmnibase-v1"}
r,l,t
-191.895793,1000,21.09465
-324.057766,1000,39.658807
-522.802441,1000,57.495668
-604.589646,1000,74.537429
-134.132006,1000,101.222404
-412.77352,1000,418.652034
-599.507974,1000,437.11044
-232.136024,1000,758.863585
-347.80497,1000,786.025835
-418.758519,1000,806.466199
-577.550173,1000,826.500792
-602.205636,1000,846.553763
-193.227445,1000,877.23547
-381.244204,1000,898.226902
-376.728979,1000,918.76416
-588.164385,1000,939.206996
-602.911901,1000,971.30056
-230.134967,1000,993.949549
-391.84603,1000,1015.676426
-388.055028,1000,1037.502224
-539.234489,1000,2976.029956
-595.123697,1000,2996.889947
-176.752846,1000,3021.158921
-381.418001,1000,3043.167566
-603.593039,1000,3075.250601
-166.569194,1000,3102.435611
-284.138641,1000,3129.548238
-521.589984,1000,3151.107388
-602.901571,1000,3181.847426
-155.482156,1000,3208.7807
-282.229837,1000,3236.838298
-536.754045,1000,3264.567718
-611.922835,1000,3295.572795
-165.363731,1000,3323.10182
-318.114681,1000,3350.01226
-523.329256,1000,3379.699799
-604.657714,1000,3410.151031
-164.995965,1000,3439.479075
-485.194522,1000,3705.211923
-474.61756,1000,3729.167217
-471.727983,1000,3761.959892
-575.26692,1000,3789.375571
-346.261325,1000,4059.66422
-51.017937,1000,4084.937778
-377.920431,1000,4117.595756
-293.65074,1000,4150.827743
-337.933637,1000,4181.019354
-468.30902,1000,4206.640483
-468.624634,1000,4237.865043
-611.432145,1000,4272.452652
-86.038222,1000,4301.041271
-68.691922,1000,4333.217031
-66.610533,1000,4360.702539
-299.488621,1000,4396.1425
-124.875921,1000,4424.832743
-56.131992,1000,4450.27998
-25.51851,1000,4478.990006
-130.225827,1000,4514.632656
-296.573055,1000,4551.17947
-203.029734,1000,4578.206614
-19.36307,1000,4813.323378
-41.008973,1000,4850.028552
-205.06286,1000,4880.618584
-344.538229,1000,4907.691799
-512.533082,1000,4937.117222
-92.338297,1000,4979.278717
-365.120768,1000,5012.670951
-161.56457,1000,5045.200709
-40.190542,1000,5076.457763
-41.500628,1000,5115.200653
-63.555154,1000,5351.345229
-284.039139,1000,5382.176888
-356.311075,1000,5419.007511
-392.070416,1000,5458.173236
-16.144471,1000,5492.509503
-10.987139,1000,5529.629112
-212.398259,1000,5562.850169
-131.777297,1000,5602.067793
-9.874557,1000,5636.016568
-15.628295,1000,5673.650848
-29.362631,1000,5712.177311
-76.975027,1000,5752.163898
-3.624458,1000,5788.876896
-160.266035,1000,6065.154293
-136.459834,1000,6099.53578
-379.131717,1000,6139.058876
-598.655358,1000,6180.505916
-97.812067,1000,6217.64737
-120.778908,1000,6257.286898
-21.096017,1000,6290.93103
-22.300532,1000,6336.163525
-29.958404,1000,6376.782997
-239.512678,1000,6411.718888
-153.63517,1000,6446.161014
-201.545695,1000,6488.933245
-99.685009,1000,6529.154482
-19.741288,1000,6563.748616
-25.361076,1000,6603.016851
-10.2328,1000,6648.321507
5.464268,384,6679.961785
-6.184468,1000,6717.554132
-4.524349,329,6741.826762
-22.227728,1000,6780.115404
-148.045858,1000,6831.874349
-508.562604,1000,6868.217978
-1.618159,1000,6907.022224
-144.577927,1000,6953.55168
-505.127408,1000,6999.331354
-442.537786,1000,7038.339058
-543.557311,1000,7079.615232
-54.022614,1000,7120.565328
-47.552125,1000,7166.216562
-38.00781,1000,7208.11592
-490.723455,1000,7253.532044
-3.758206,1000,7290.4824
-70.27775,1000,7344.379082
-512.53018,1000,7385.297209
-439.646169,1000,7428.498348
-461.146299,1000,7466.460832
-478.141038,1000,7512.616107
-473.593027,1000,7560.032793
-2.212042,1000,7598.724421
-4.185932,1000,7640.591325
-389.521612,1000,7684.250875
-398.530734,1000,7729.282353
-504.182638,1000,7768.935933
-482.781345,1000,7811.851893
-494.987191,1000,7852.81484
-374.774542,1000,7910.678212
-446.579599,1000,7954.517776
-308.210448,1000,8000.037729
-1.916971,1000,8041.445496
-19.157491,1000,9167.707331
-446.644207,1000,9212.057309
-500.627703,1000,9265.143245
-4.444583,1000,9517.617686
-46.891635,1000,9566.787942
-467.554381,1000,9615.465276
-223.116098,1000,9657.630887
-410.878586,1000,9706.018493
-104.085388,1000,9755.204837
-545.383478,1000,9796.242465
-605.163366,1000,9840.908307
-398.112114,1000,9881.822416
-244.47316,1000,9937.254264
-135.898585,1000,9977.955495
-216.426333,1000,10027.588657
-305.307757,1000,10260.102158
-348.155004,1000,10310.603001
-87.295336,1000,10353.69359
-1.567604,1000,10595.868727
-195.268907,1000,10642.519001
-458.170908,1000,10693.905361
-503.016003,1000,10737.964095
-4.692762,1000,10782.934057
-292.693274,1000,10831.505316
-417.890735,1000,10886.265015
-474.619707,1000,10930.048892
-2.846681,1000,10976.10527
-171.175346,1000,11024.34404
-248.403489,1000,11068.454046
-344.979837,1000,11121.380071
-346.998012,1000,11169.894514
-5.438694,1000,11214.495381
-111.65968,1000,11265.379002
-475.824918,1000,11322.115267
-203.175231,1000,11365.100763
-10.736823,1000,11575.71212
-234.238733,1000,11621.638469
-273.732853,1000,11676.146721
-78.499002,1000,11719.256791
-282.239908,1000,11761.253019
-306.537375,1000,11816.539865
-105.092978,1000,11872.353845
-257.73937,1000,11921.086494
-326.239397,1000,12148.815972
-124.932488,1000,12200.118703
-197.741632,1000,12252.478985
-311.735318,1000,12299.889088
-85.294593,1000,12354.82503
-205.816441,1000,12405.365173
-263.392097,1000,12461.406694
-282.39234,1000,12509.29805
-331.402655,1000,12731.927348
-372.969704,1000,12789.999818
-6.251202,1000,12857.122847
-102.472702,1000,12903.642874
-335.04386,1000,12955.118402
-442.13095,1000,13004.013512
-50.146481,1000,13064.486117
-223.744695,1000,13111.501247
-325.739993,1000,13162.257793
-134.268997,1000,13213.992266
-264.241702,1000,13271.770936
-335.240879,1000,13317.576771
-106.320711,1000,13363.845967
-217.745039,1000,13585.125499
-392.743245,1000,13641.635029
-137.363518,1000,13689.573568
-311.740858,1000,13745.494949
-416.740445,1000,13797.065356
-102.98434,1000,13851.274075
-296.739745,1000,14075.853997
-338.742942,1000,14129.102262
-130.911327,1000,14189.530399
-277.741398,1000,14240.358839
-346.743274,1000,14295.301487
-122.47737,1000,14356.557077
-269.239562,1000,14406.016169
-401.239561,1000,14454.419432
-5.773348,1000,14515.701056
-399.514814,1000,14568.689554
-243.678351,1000,14618.676714
-388.919872,1000,14668.240003
-435.25899,1000,14723.514144
-308.837036,1000,14777.658152
-496.540332,1000,14827.006613
-484.037664,1000,14883.641029
-396.978315,1000,14944.926661
-168.325976,1000,14995.265957
-95.500922,1000,15048.617025
-434.582378,1000,15273.81651
-182.33415,1000,15334.15299
-479.57973,1000,15389.443246
-61.728449,1000,15452.014595
-279.246048,1000,15500.526619
-375.240808,1000,15558.914819
-130.864172,1000,15763.054374
-243.748362,1000,15819.195572
-256.74948,1000,15873.15529
-364.747661,1000,15939.199598
-147.82337,1000,15996.08308
-210.238913,1000,16049.987946
-338.245682,1000,16110.388464
-395.746176,1000,16177.86167
-113.779623,1000,16229.15401
-198.742896,1000,16283.957336
-386.734074,1000,16337.646494
-108.962135,1000,16407.879677
-242.745982,1000,16461.02246
-307.243398,1000,16516.322018
-390.743879,1000,16696.168843
-159.41092,1000,16762.208583
-250.75118,1000,16819.153801
-284.747724,1000,16867.010636
-357.247102,1000,16925.150637
-143.370119,1000,17115.665768
-227.243045,1000,17183.431515
-306.250184,1000,17235.897874
-369.748382,1000,17293.402683
-138.989747,1000,17347.819067
-219.741402,1000,17414.045127
-256.247786,1000,17469.857397
-368.74687,1000,17521.487492
-142.580472,1000,17579.468222
-240.247942,1000,17637.151818
-305.250772,1000,17702.257828
-405.745183,1000,17764.837648
-120.373756,1000,17826.202469
-206.740324,1000,17894.419541
-255.742843,1000,17952.079684
-365.248281,1000,18017.646729
-418.746199,1000,18080.217829
-158.289428,1000,18146.379256
-240.247485,1000,18203.310569
-269.245669,1000,18256.520389
-391.249011,1000,18317.008067
-419.751484,1000,19221.094352
-151.154065,1000,19290.274169
-255.246713,1000,19345.528732
-289.250023,1000,19403.863322
-448.748729,1000,19471.9127
-129.700394,1000,19532.268524
-198.742787,1000,19598.100974
-419.247324,1000,19658.307137
-486.747074,1000,19728.025049
-132.711119,1000,19786.549147
-193.749069,1000,19844.80991
-386.749002,1000,19906.532336
-482.747795,1000,19979.65962
-125.848577,1000,20040.637806
-220.241222,1000,20103.57589
-345.25107,1000,20163.053998
-467.744576,1000,20232.981194
-126.826158,1000,20295.690187
-207.739161,1000,20354.333921
-208.738528,1000,20413.002166
-244.245786,1000,20473.108165
-261.247322,1000,20548.254933
-406.746452,1000,20609.938107
-116.19597,1000,20670.039609
-208.74241,1000,20730.128893
-357.244494,1000,20796.781469
-467.750182,1000,20868.861076
-159.101387,1000,20936.594009
-203.238995,1000,21161.739091
-247.747775,1000,21229.221462
-396.747187,1000,21286.707326
-472.249215,1000,21524.040193
-123.189277,1000,21574.686159
-223.244387,1000,21634.547665
-324.249086,1000,21694.133264
-463.746618,1000,21759.632471
-120.991856,1000,21818.165854
-232.245422,1000,21889.525625
-248.244385,1000,21946.831595
-363.746968,1000,22007.252641
-456.242984,1000,22229.507577
-158.099296,1000,22307.735604
-209.245753,1000,22376.17997
-241.24586,1000,22446.215441
-379.251747,1000,22510.807203
-451.242488,1000,23390.837671
-168.776957,1000,23463.877992
-224.748006,1000,23687.227601
-249.24664,1000,23745.525612
-417.249511,1000,23821.198358
-447.748481,1000,23888.146471
-107.662203,1000,24116.443679
-250.243291,1000,24189.01881
-260.749864,1000,24262.691208
-375.744628,1000,24334.92389
-454.254814,1000,24395.279713
-82.474539,1000,24461.916874
-169.231391,1000,24529.677312
-280.746033,1000,24588.828612
-338.748614,1000,24652.165346
-450.248426,1000,24706.365042
-160.047337,1000,24779.151384
-222.748648,1000,24853.957153
-278.249018,1000,24916.094369
-361.246191,1000,24980.383623
-452.249154,1000,25038.551099
-99.889394,1000,25104.800647
-199.733869,1000,25170.310334
-346.748874,1000,25238.943
-476.750535,1000,25316.32193
-112.621613,1000,26236.920437
-298.746697,1000,26306.234159
-323.250988,1000,26369.52982
-323.746599,1000,26435.725524
-455.74848,1000,26514.839173
-116.628115,1000,26589.153681
-246.243686,1000,26663.672628
-300.749848,1000,26725.998403
-314.749411,1000,26795.584846
-442.246498,1000,26861.905874
-192.312887,1000,26925.420558
-291.749638,1000,26993.143908
-291.248676,1000,27061.729186
-251.747671,1000,27135.466925
-421.752877,1000,27194.997713
-429.249421,1000,27257.052375
-183.016478,1000,28166.122301
-263.744651,1000,28235.317887
-280.243787,1000,28314.734772
-258.250066,1000,28380.153232
-411.753737,1000,28447.315667
-450.25133,1000,28509.889391
-127.859931,1000,28577.820746
-194.739359,1000,28638.675393
-223.744789,1000,28706.243445
-422.746292,1000,28761.583294
-451.253465,1000,28829.709374
-154.847779,1000,28886.410586
-238.745342,1000,29712.589911
-285.749672,1000,29779.401631
-390.249013,1000,29832.85473
-451.251174,1000,29900.765825
-140.592121,1000,29973.738029
-289.745619,1000,30038.908792
-317.247876,1000,30099.353291
-260.24593,1000,30166.499011
-426.750719,1000,30228.599483
-133.391516,1000,30300.394794
-162.735329,1000,30363.666724
-286.747439,1000,30434.459823
-270.248727,1000,30497.657964
-444.248483,1000,30567.86084
-482.247502,1000,30635.329093
-126.606977,1000,30693.834372
-197.23965,1000,30758.751433
-290.249445,1000,31667.416754
-396.7468,1000,31744.727407
-450.25115,1000,31804.629171
-132.977842,1000,31865.517915
-244.244673,1000,31929.667646
-297.244645,1000,31991.956989
-262.243696,1000,32049.845782
-452.25049,1000,32100.641064
-480.250371,1000,32167.617996
-145.737934,1000,32225.80577
-184.233685,1000,32449.096312
-284.24872,1000,32516.07627
-256.750568,1000,32588.025087
-321.246706,1000,32653.719269
-488.25177,1000,32720.454926
-95.961571,1000,32782.431776
-182.726031,1000,32859.998062
-294.74907,1000,32925.222125
-281.746256,1000,32991.806798
-342.247548,1000,33062.927097
-331.249912,1000,33136.246574
-478.245426,1000,33206.08883
-59.702034,1000,33277.838624
-135.219315,1000,33338.126321
-157.10029,1000,33412.713232
-337.745167,1000,33474.558685
-324.748634,1000,33534.542695
-289.746863,1000,33598.765306
-479.746834,1000,34480.911865
-216.098026,1000,34557.283626
-286.245834,1000,34623.141823
-252.744209,1000,34682.817817
-269.743734,1000,34757.894044
-275.749135,1000,34820.374013
-488.7489,1000,34884.746389
-35.142609,1000,35116.409018
-315.249086,1000,35182.052006
-338.249232,1000,35257.390165
-320.750415,1000,35319.253365
-454.748944,1000,35381.29441
-485.751841,1000,35456.920761
-94.754523,1000,35518.885252
-15.348041,1000,35575.220379
-74.774183,1000,35640.616157
-270.746492,1000,35706.304756
-292.234165,1000,35779.35971
-397.236082,1000,35857.954598
-41.855723,1000,35919.242975
-95.753166,1000,36000.680156
-314.745573,1000,36083.623602
-315.247562,1000,36152.932715
-331.742815,1000,36214.638406
-344.74855,1000,36275.705923
-463.745348,1000,36344.740571
-97.187432,1000,36406.790622
-149.222164,1000,36473.745126
-98.745548,1000,36537.940738
-317.751051,1000,36613.369768
-317.247892,1000,36675.715263
-302.242946,1000,36733.883246
-255.250291,1000,36799.058681
-438.747929,1000,36873.206208
-464.246586,1000,36941.148612
-230.608284,1000,37006.507158
-320.749458,1000,37073.995575
-323.247876,1000,37158.544957
-319.744783,1000,37223.252114
-337.7501,1000,37284.431619
-344.746376,1000,37347.156332
-466.250256,1000,37417.415357
-212.496729,1000,37661.709767
-298.251572,1000,37736.988405
-285.748919,1000,37809.843738
-327.247077,1000,38910.620892
-305.245844,1000,38990.342124
-475.750184,1000,39063.887012
-113.590999,1000,39125.204599
-152.728463,1000,39189.127803
-173.739666,1000,39255.736981
-205.240012,1000,39320.559998
-283.745133,1000,39394.895455
-344.250019,1000,39450.110049
-485.24989,1000,39512.875846
-160.784576,1000,39768.045858
-328.747752,1000,39823.266053
-321.743727,1000,39882.176455
-367.250757,1000,39945.14591
-343.249035,1000,39995.801692
-481.752226,1000,40061.298553
-120.470634,1000,40114.667537
-247.240607,1000,40185.503777
-309.745573,1000,40250.000646
-318.74563,1000,40308.645432
-321.24887,1000,40367.781798
-306.751557,1000,40435.978241
-460.747415,1000,40486.973636
-87.443957,1000,40547.367749
-139.723862,1000,40613.045957
-234.737365,1000,40684.600822
-308.248422,1000,40737.317664
-297.746248,1000,40796.761341
-271.746897,1000,40866.514321
-307.749378,1000,40923.152332
-436.746086,1000,40978.365782
-482.752315,1000,41030.276732
-32.320248,1000,41085.416798
-163.070929,1000,41144.809703
-321.750912,1000,41200.371401
-342.750201,1000,41258.431737
-346.250476,1000,41318.292119
-375.244014,1000,41382.116574
-61.903902,1000,41440.076216
-173.731802,1000,41503.225151
-193.726471,1000,41555.119884
-180.236649,1000,41616.09436
-255.749156,1000,41842.27343
-286.246127,1000,41892.776855
-372.746388,1000,41948.455467
-348.749826,1000,42005.26243
-380.249677,1000,42067.487383
-318.748082,1000,42283.105068
-365.753933,1000,42341.718572
-472.751049,1000,42387.718585
-54.326745,1000,42445.756181
-132.481173,1000,42500.916987
-286.245499,1000,42553.694674
-336.733596,1000,42609.034931
-37.087502,1000,42671.942374
-184.243177,1000,42726.646985
-186.240482,1000,42783.249428
-97.74423,1000,42831.264148
-280.74738,1000,42880.89899
-311.253257,1000,43100.400437
-324.254061,1000,43148.365343
-343.7495,1000,43207.04559
-321.247467,1000,43261.995685
-443.74531,1000,43311.389781
-38.973979,1000,43356.992468
-170.242902,1000,43401.172019
-218.976617,1000,43457.637096
-323.248528,1000,43503.300681
-318.747012,1000,43547.592578
-320.248157,1000,43596.807241
-295.746887,1000,43650.567619
-428.249146,1000,43707.873474
-453.245955,1000,43755.968069
-146.745578,1000,43996.895432
-294.745,1000,44051.769959
-273.249768,1000,44108.341434
-323.247685,1000,44157.983498
-303.252061,1000,44206.478812
-432.250917,1000,45037.446147
-483.250455,1000,45092.366377
-73.823331,1000,45139.93432
-150.72737,1000,45184.710502
-169.229407,1000,45240.158333
-35.698576,1000,45293.905429
-70.134429,1000,45359.500445
-316.250285,1000,45604.46818
-330.249458,1000,45664.901911
-330.243366,1000,45721.229022
-23.068102,1000,45769.242725
-250.208337,1000,45821.720992
-306.747949,1000,45880.073641
-304.746593,1000,45933.797306
-375.249971,1000,45995.403086
-334.250591,1000,46040.273793
-333.247042,1000,46098.422514
-345.248937,1000,46157.822281
-489.247653,1000,46208.917734
-150.929617,1000,46254.239276
-271.248323,1000,46473.999199
-304.748831,1000,46537.132608
-386.247277,1000,46582.518228
-359.248566,1000,46630.038076
-327.749707,1000,46867.32197
-382.748797,1000,46924.270295
-488.24746,1000,46969.275181
-104.976272,1000,47016.932793
-157.732737,1000,47064.279563
-205.661891,1000,47120.19246
-277.243201,1000,47172.876979
-303.249059,1000,47225.307722
-382.251323,1000,47270.104319
-359.249129,1000,47336.015998
-368.748522,1000,47397.515091
-326.249308,1000,47446.868037
-415.250071,1000,47497.119522
-482.749019,1000,47556.929227
-121.680718,1000,47602.598954
-254.749781,1000,47666.29826
-268.247804,1000,47727.606922
-306.748531,1000,47784.772884
-363.255677,1000,47831.559216
-335.750742,1000,48067.346258
-375.250274,1000,48120.736095
-385.749225,1000,48180.941166
-502.248893,1000,48405.737143
-184.147267,1000,48460.516096
-251.244506,1000,48507.586258
-224.746507,1000,48563.283306
-281.24627,1000,48621.408465
-284.747374,1000,48857.157466
-308.250758,1000,48906.50215
-350.244492,1000,48951.963195
-401.754418,1000,49004.551105
-342.750024,1000,49053.177363
-406.252311,1000,49096.496924
-414.248812,1000,49155.117752
-404.253791,1000,49211.175905
-494.748985,1000,49272.391762
-4.201836,1000,49515.251249
-2.288089,1000,49578.718552
-288.215374,1000,50490.45477
-322.74881,1000,50557.202083
-4.206935,1000,50606.614146
-93.298406,1000,50657.045683
-150.084184,1000,50711.673635
-300.743099,1000,50762.626518
-302.74396,1000,50817.229316
-62.454064,1000,50868.286959
-88.078526,1000,50920.210167
-243.738802,1000,51133.604737
-328.246063,1000,51197.156583
-340.242476,1000,51436.77991
-65.327805,1000,51493.545624
-56.027097,1000,51543.841491
-151.254299,1000,51765.231231
-247.744118,1000,51823.99505
-243.244674,1000,51873.974733
-247.744857,1000,51924.982064
-227.243735,1000,51973.311189
-249.7452,1000,52021.489361
-2.486609,1000,52938.423567
-0.342003,1000,52994.177182
-218.14117,1000,53055.201996
-5.912666,1000,53104.608165
-6.412288,1000,53169.298154
-165.197435,1000,53413.754662
-350.003489,1000,53463.295368
-492.780114,1000,53509.163321
-526.522188,1000,53564.415125
-519.139124,1000,53618.22374
-166.473407,1000,53661.969722
-307.718324,1000,53709.528375
-308.716669,1000,53763.300761
-508.681211,1000,53812.990944
-493.560039,1000,53868.860453
-385.644573,1000,54081.119494
-375.633827,1000,54138.559809
-566.157088,1000,54193.973819
-425.822244,1000,54252.681794
-261.151422,1000,54297.02755
-369.553267,1000,54340.72864
-492.239164,1000,55294.751589
-273.390537,1000,55345.052854
-3.208905,1000,55388.072496
-8.218468,1000,55436.95768
-294.248422,1000,55493.492537
-286.745449,1000,55544.319299
-42.176617,1000,55590.931571
-193.534982,1000,55637.571238
-263.245207,1000,56548.905187
-284.743555,1000,56600.879385
-251.243929,1000,56656.028378
-144.283765,1000,56706.121622
-227.243943,1000,56762.921674
-260.747156,1000,56990.417193
-253.245031,1000,57044.951934
-126.635594,1000,57091.628285
-192.74191,1000,57145.576417
-111.724443,1000,57197.883842
-135.904764,1000,57246.791638
-148.940072,1000,57304.457115
-172.971843,1000,57357.468202
-258.247,1000,57407.088041
-282.242944,1000,57451.229314
-120.847686,1000,57497.214144
-182.732282,1000,58431.10229
-115.006325,1000,58482.447282
-180.240158,1000,58534.63701
-125.876359,1000,58584.958497
-159.28765,1000,58643.013161
-97.578467,1000,58688.23486
-180.243795,1000,58741.947476
-193.241446,1000,58788.963232
-197.744909,1000,58851.244891
-306.745787,1000,59057.356382
-249.242037,1000,59098.148803
-226.742495,1000,59146.74299
-225.743012,1000,59191.935267
-238.742786,1000,60119.30194
-19.683803,1000,60165.43378
-2.384899,1000,60204.746441
-332.216104,1000,60254.107548
-322.754281,1000,60307.488347
-316.248913,1000,60351.348968
-82.444171,1000,60396.33488
-167.229144,1000,60627.113943
-286.243902,1000,60680.602354
-248.247337,1000,60728.099561
-213.240603,1000,60781.126336
-218.746456,1000,60821.241813
-260.741672,1000,60869.151772
-254.245512,1000,60917.328392
-45.137913,1000,60959.338646
-71.951136,1000,60999.456628
-1.933199,1000,61890.53645
-115.212606,1000,61933.500207
-353.309912,1000,61972.056229
-424.164996,1000,62010.873048
-437.131475,1000,62059.331451
-499.59642,1000,62103.003988
-446.01199,1000,62289.83728
-88.525628,1000,62336.419791
-251.242016,1000,62385.630442
-105.950395,1000,62428.887811
-177.735573,1000,62473.411229
-178.237275,1000,62685.923893
-251.744727,1000,62734.148271
-54.109479,1000,62778.153992
-131.72931,1000,62824.19708
-149.240996,1000,62863.817245
-215.739659,1000,62908.958819
-374.751637,1000,62947.419537
-295.750026,1000,62985.995899
-353.24686,1000,63024.248178
-295.250327,1000,63070.629985
-328.253403,1000,63108.346269
-235.248203,1000,63151.809229
-217.244087,1000,63188.065101
-68.402724,1000,63233.196146
-277.241498,1000,63274.577968
-222.244316,1000,63315.011369
-239.745737,1000,63354.310844
-243.743055,1000,63397.054303
-73.153531,1000,63440.503029
-153.73677,1000,63478.543992
-146.239981,1000,63517.87145
-156.739948,1000,63557.020024
-193.522751,1000,63602.708536
-212.746342,1000,63640.173325
-255.24079,1000,63676.768619
-236.741673,1000,63718.876663
-74.067478,1000,63765.185367
-135.228295,1000,63802.844392
-122.225809,1000,63838.821504
-141.731,1000,63876.906572
-300.73849,1000,63923.641799
-84.638965,1000,63959.059621
-160.236983,1000,63999.688664
-175.742252,1000,64039.925575
-118.422389,1000,64947.121608
-274.7465,1000,64983.971786
-308.746568,1000,65018.751368
-82.255236,1000,65225.025421
-276.244277,1000,65269.94366
-106.582766,1000,65305.16378
-187.242412,1000,65342.587586
-196.240016,1000,65379.241894
-169.856336,1000,65421.540726
-197.737018,1000,65455.59036
-253.24328,1000,65489.704637
-274.745383,1000,65523.868626
-245.742104,1000,65565.342722
-95.96032,1000,65603.654012
-179.738864,1000,65639.174441
-188.237459,1000,65673.503667
-236.741303,1000,65715.193383
-446.752282,1000,65914.328058
-434.745274,1000,65949.06977
-436.747656,1000,65983.354872
-396.24847,1000,66025.591501
-399.255114,1000,66062.276948
-407.245812,1000,66097.535665
-373.247731,1000,66131.470955
-287.750767,1000,66169.346378
-299.248263,1000,66215.458379
-354.750609,1000,66249.7643
-338.74847,1000,66288.972314
-349.752537,1000,66323.23557
-345.752018,1000,66363.681145
-260.244011,1000,66396.850963
-244.244398,1000,66613.844285
-255.740004,1000,66649.519754
-272.248116,1000,66693.570346
-260.24664,1000,66732.246397
-273.251101,1000,66767.115791
-74.709322,1000,66801.204366
-290.245723,1000,66842.445472
-316.74649,1000,66875.336962
-368.752468,1000,66916.234293
-302.245885,1000,66949.955429
-252.248847,1000,66994.07927
-264.249239,1000,67027.547172
-260.246137,1000,67236.047756
-268.744582,1000,67269.931592
-2.29007,1000,68109.408795
-1.343435,1000,68143.301069
-367.074136,1000,68175.073954
-486.721315,1000,68206.578278
-318.309425,1000,68251.101136
-221.867592,1000,68287.024853
-464.233934,1000,68320.838927
-487.050619,1000,68355.284905
-69.897209,1000,68396.45919
-269.748314,1000,68428.841049
-243.245955,1000,68460.747197
-248.740729,1000,68495.071006
-243.248266,1000,68534.389336
-254.24686,1000,68571.194147
-248.743464,1000,68746.1298
-64.758961,1000,68780.470042
-212.244778,1000,68826.12446
-322.247029,1000,68857.793412
-290.247939,1000,68891.959287
-337.249251,1000,68925.421937
-340.25149,1000,68959.211638
-315.250484,1000,68998.798045
-226.737095,1000,69032.831796
-263.247649,1000,69064.915923
-259.244601,1000,69249.185602
-237.743627,1000,69289.685645
-65.831561,1000,69322.976911
-144.733021,1000,69355.363592
-166.741172,1000,69391.1447
-363.247733,1000,69431.71161
-402.750504,1000,69470.200135
-427.753091,1000,69502.460637
-422.751827,1000,69536.383068
-302.746779,1000,69576.507646
-303.751128,1000,69607.86456
-351.248597,1000,69640.746863
-298.749569,1000,69676.528894
-311.747721,1000,69717.44705
-295.746529,1000,69749.508189
-238.240214,1000,69782.997214
-252.244548,1000,69817.465484
-263.748627,1000,69859.707634
-239.743201,1000,69894.339802
-264.247064,1000,69929.295991
-38.907115,1000,69961.770247
-215.242768,1000,70001.242767
-344.251152,1000,70033.308088
-345.744251,1000,70069.094684
-353.749369,1000,70101.23161
-348.247583,1000,70139.987303
-388.748952,1000,70175.679032
-347.749765,1000,70209.275037
-288.749822,1000,70243.664579
-234.742854,1000,70283.98596
-233.746726,1000,70316.889152
-209.740762,1000,70352.606986
-215.747039,1000,70385.479403
-240.241862,1000,70427.66233
-54.376744,1000,70460.607029
-124.244091,1000,70497.536243
-156.239146,1000,70535.778867
-161.736887,1000,70574.464332
-424.256,1000,70612.286918
-451.750134,1000,70648.539962
-337.248818,1000,70681.392337
-338.751505,1000,70713.571978
-376.750423,1000,70757.11484
-307.250564,1000,70805.243562
-353.247733,1000,70838.791729
-251.744621,1000,70872.21538
-217.239469,1000,70913.527947
-54.433201,1000,70947.982771
-143.734377,1000,70982.551648
-126.232834,1000,71015.168307
-367.251684,1000,71056.439362
-377.251145,1000,71089.008497
-366.253649,1000,71267.023414
-318.250974,1000,71301.37816
-338.745042,1000,71342.29125
-275.748263,1000,71374.404501
-326.252896,1000,71409.554811
-234.739115,1000,71443.325007
-233.746158,1000,71482.630075
-249.244799,1000,71514.322339
-2.193392,1000,71550.07356
-29.923443,1000,71583.023409
-189.141988,1000,71623.738078
-246.237836,1000,71660.53726
-222.243002,1000,71693.457384
-263.244761,1000,71727.618757
-15.080597,1000,71769.010522
-42.187568,1000,71802.554334
-86.043053,1000,71836.06717
-17.748004,1000,71871.25206
-186.591062,1000,71914.363397
-508.553051,1000,71949.720188
-15.816724,1000,71986.352056
-227.239156,1000,72021.353363
-257.746182,1000,72063.674466
-2.880489,1000,72098.614278
-144.072533,1000,72135.946038
-189.236407,1000,72169.544863
-219.746884,1000,72210.868374
-301.746996,1000,72245.359305
-253.242928,1000,72283.062141
-234.744386,1000,72316.918118
-196.242919,1000,72350.14326
-214.242836,1000,72396.096048
-42.088629,1000,72431.718384
-137.738605,1000,72466.762656
-149.736514,1000,72503.259749
-409.745406,1000,72544.780331
-365.249414,1000,72581.050138
-294.252446,1000,72618.100692
-294.244395,1000,72656.182554
-391.249103,1000,72700.224893
-320.745401,1000,72733.867483
-356.253308,1000,72770.368773
-246.24306,1000,72805.335808
-196.241354,1000,72847.673273
-222.241179,1000,72885.02122
-258.746149,1000,72920.457207
-244.742455,1000,72954.736773
-214.240985,1000,72997.984062
-31.860155,1000,73033.204441
-161.737021,1000,73070.793031
-165.231973,1000,73107.324299
-109.642099,1000,73152.040125
-205.741103,1000,73185.958033
-200.74168,1000,73219.853137
-36.72776,1000,73256.749378
-258.240969,1000,73299.84899
-306.249581,1000,73340.895983
-312.746705,1000,73380.81854
-367.748369,1000,73419.49303
-298.248629,1000,73465.774527
-229.242775,1000,73500.819997
-228.74469,1000,73535.858438
-238.741582,1000,73572.454531
-230.242913,1000,73614.191304
-56.211889,1000,73651.708447
-209.244075,1000,73686.959526
-17.203052,1000,73721.797654
-13.737223,1000,73763.447611
-2.414724,1000,73798.665881
-246.75401,1000,73835.662114
-507.549648,1000,73873.870043
-39.358203,1000,73921.403574
-42.000546,1000,73954.985582
-205.226789,1000,73994.383357
-123.102807,1000,74035.491268
-180.236853,1000,74070.527152
-215.237527,1000,74112.643489
-204.744886,1000,74150.149431
-242.744696,1000,74325.296995
-24.469123,1000,74361.628937
-272.245511,1000,74406.19904
-55.760061,1000,74439.762418
-141.740183,1000,74478.26589
-156.240322,1000,74513.258666
-383.750936,1000,74558.853926
-64.468454,1000,74732.468078
-216.233048,1000,74770.268088
-222.744149,1000,74805.289849
-23.431389,1000,74847.898578
-224.240677,1000,74882.601095
-33.484144,1000,74916.673791
-146.742145,1000,74951.488053
-271.246219,1000,74995.338705
-381.750886,1000,75032.843847
-55.49772,1000,75068.37619
-140.244145,1000,75103.720922
-302.244805,1000,75147.077675
-436.249616,1000,75181.844898
-375.751251,1000,75224.026953
-57.105668,1000,75259.138368
-186.743518,1000,75300.875043
-424.249076,1000,75335.654382
-352.749036,1000,75371.466269
-405.25337,1000,75406.749101
-34.294531,1000,75449.073404
-260.743192,1000,75484.794721
-11.450483,1000,75519.797927
-132.228871,1000,75554.460907
-198.741616,1000,75597.206432
-387.746177,1000,75633.77304
-3.437429,1000,75672.016495
-4.77258,1000,75709.469763
-3.430651,1000,75755.149641
-218.052618,1000,75793.752109
-215.743842,1000,75829.650105
-267.74843,1000,75864.649924
-3.464853,1000,75899.362635
-44.414487,1000,75944.759082
-73.486024,1000,75983.159233
-121.22765,1000,76024.587846
-97.713765,1000,76061.479948
-283.248441,1000,76104.722173
-390.23063,1000,76141.331933
-225.184864,1000,76181.692421
-296.738117,1000,76219.476898
-24.316885,1000,76262.229562
-27.56188,1000,76298.455845
-208.243381,1000,76334.422107
-199.749587,1000,76371.928173
-249.746334,1000,76416.931521
-285.243842,1000,76453.07798
-58.132889,1000,76491.696097
-192.744996,1000,76669.515983
-353.746445,1000,76714.310961
-495.751585,1000,76749.512311
-493.753903,1000,76787.453388
-497.750785,1000,76824.457174
-483.755638,1000,76871.712006
-446.254201,1000,76906.823366
-424.750027,1000,76941.690458
-378.754989,1000,76981.995981
-13.819084,1000,77026.674936
-101.230012,1000,77062.425962
-118.2365,1000,77102.869532
-130.237089,1000,77139.119475
